ID,exam_num,text,valence,intensity,score
10001,2,"Ok. So when I first opened my chemistry exam score, I saw that I got a 69% and I was really upset by that. And I honestly thought I was a failure and that I was going to do terribly in the class and I had to change my major completely. But then I viewed that I got an 80 a couple of days later and it made me get a little bit more confident. And I was like, ok, like it's ok, but it's still not how I usually am as a student. So it's kind of discouraging me to be honest from in being a T A stem major. But I was by myself when I viewed it and I like, wanted to be by myself because I knew I like, didn't, I knew I was not going to do amazing on it because I like did not feel that prepared for it. But overall, I'm not like that upset about it, but I know I wanna do better on the next one.",0.5,0.6,0.3
10004,1,"Ok. So, basically I was getting home, I was in my car and then I had to log in so I stopped my car and I logged in, in order to see my grade. And, yeah, I saw, I got 100 and I was really happy. Um, I feel like the work paid off. Me just studying every day. And, yeah, now I'm studying for the next exam, which is in three days. Yeah.",1,0.8,0.8
10004,2,"I was expecting the worst, so I didn't know how I was gonna do, but I ended up doing really well and, yeah, I'm really happy that I did. Well.",1,0.8,0.8
10004,3,I was disappointed. I thought I did better. But then I realized that was a dumb mistake. That would never happen again. And that would be my job test for sure.,-1,0.6,-0.6
10004,4,"I felt good. It was more than I expected. Um I thought I got three multiple choice wrong, which were gonna be around 80% but somehow I got an 87.",1,0.7,0.7
10005,1,"So when I saw my first exam grade, I was in lab and we were just about to leave. Everybody was just kind of like getting up and going. I was with basically everybody else in the class, but I was looking at it just to buy myself. Um I wasn't showing anybody and I was super nervous. I was like really anxious um even to the point of like shaking. But once I like opened it, then I was like very relieved and I was not very nervous anymore.",0.5,0.7,0.35
10005,3,"When viewing the most recent chemistry exam, I was by myself at the cox building and it was right before, um, math, it was right before math class that I had. So I just sat down at a table by myself and opened it right before math. Um, I was feeling fine right beforehand. Pretty chill. But as I went to, like, open the store, I started getting really, really nervous. Um, and when I opened it, I felt a little bit more relieved. I think I definitely could have done better on the test. And that's kind of what I thought about in the moment, but I was relatively satisfied with it.",0.5,0.6,0.3
10006,1,"I opened my chemistry exam, um, the day the results were sent, I was at the Rats Keller alone, um, eating my lunch, but I was on the phone with my boyfriend and when I opened the score, um, I was kind of upset because I did really poorly but I did expect to because I didn't know what I was doing. Um, I was thinking about how I was gonna do better on the next test and how I'd build my way up from there because I got a really poor score and it also made me feel kind of sad but, you know, it was fine. But, yeah, I was eating my lunch and I was on the phone. Yeah.",-1,0.5,-0.5
10006,2,"When I opened the chem exam, I was at home alone um in my room and I was thinking that I was gonna do a lot better than I did. And then I was very upset and then I sat and cried and eventually I saw and accepted it, but I was really sad and I was alone when I opened it and I was expecting to do a lot better. But yeah.",-1,0.9,-0.9
10008,1,"So I was in the library and I was doing my biology homework, I believe, and I was already looking forward to the grade. And um, I was like, counting down and like, I was by myself and like, I had just been so drained from the day because it was later in the day and I had like, I had already done a lot of my studying and a lot of my work. So I was very drained. So I, once I received that text, like I felt like my heart drop and it was like, I knew I did good. But like, I was like, I was still scared for the grade because like, what if like something like, like, what if I just got my hopes up, you know? But like, I was confident, but like, even like when I was opening it, like, I was still like, I was so nervous, you know, and then I opened it and then I was very happy, like I was happy but like I realized I was like, oh, I thought I got higher but like, it was so good. Like I got on 93. But like, it was good and I was, and then, then, like, after that feeling surpassed, like, I was very happy with myself and I was, like, like, very happy that my work paid off. And, yeah. And then, like, I, I told my friends that I got that grade and, like, they were very happy and, like, I was very happy for that grade. Yeah.",0.5,0.7,0.35
10008,4,"When I viewed my most recent chemistry exam grade, I was with my lab partner. We were studying for the end of semester lab quiz in the library. And I knew that I was anticipating the chemistry exam grade. So I was like, nervous for that and then once it came out, um, I checked it and I was like, I was, I was really nervous and then I was like, I'm not going to tell my lab partner unless I get a good grade. And I looked at it and I was like, and I was happy with my grade and I told him and it was, and that was that, like, it was, it was, I was very happy. I was happy with my grade and then stand for that. I, yeah, I was just really happy with my grade. I, I like, I sure. But, yeah.",1,0.8,0.8
10011,1,"I was in my room, it was me alone. Um, I was doing homework and I got the message that my grade was out. I was feeling all right. A little nervous. Um, I got it and I was, it was all right. I got 85. Um, and that's it. I was just in my dorm. It was like a week ago, I think, like, pretty much a week ago. Uh.",0,0.3,0
10011,2,,0,0,0
10011,3,"I was in my room, I got a good score on it. I was happy. Um, I was just on my computer getting ready for a math quiz. I was feeling good.",1,0.6,0.6
10012,1,"When I checked my chemistry exam grade, I was in a friend dorm and it was two hours after the exam, uh grade got published. Um, I was, uh, I was practicing CALC from like my CALC exam and honestly, a after I saw my 100% I felt very much less stressed than I was and very much less anxious than I was. And I was definitely very happy to see that. I, I received the maximum grade possible considering a bunch of other people told me that they thought that the test didn't go well well for them. Um, so despite that I got 100 and I'm, I'm very happy for that still.",1,0.9,0.9
10012,2,"I was with one of my friends from high school who's a commuter here and um, how I was feeling before I checked, it was very disappointed in myself because I knew that I had got some questions wrong and I immediately noticed the mistake that I had done that would take off points. And my reason for this disappointment was because I was aiming for 100% and clearly a 93 is not 100%. But um, we, I was just walking to class and yeah, that's basically it.",-1,0.7,-0.7
10012,3,"What I remember when I checked my chemistry grade was I was walking to class after calculus with a friend. Um, and I was thinking, but I did really well, to be honest because like, for me it was like a pretty easy exam. Um, so I wasn't really surprised when I got 100. I had to check my, like, some, some questions that I remembered from the exam before I checked my grades. So I already knew that I, I was gonna get a good grade.",1,0.7,0.7
10012,4,"When I viewed my chemistry exam, I was on my way to my chemistry discussion class and what I was thinking, um was that I, I was basically hoping that I got 100% on the exam because no, that's just my goal with every exam. Um I was by myself, you know, just, I was pretty relaxed cause I know I did well. So.",1,0.5,0.5
10013,1,"Ok, basically. Ok. Who, um, I checked my exam grade. I think I was in my room. I was in my room. Uh, I think it was like 8 p.m. I just finished hanging out with my friends. I had avoided looking at it for most of the day. Um, and then, so there was like the background noise, I'm walking. Um, I, I think I was doing my work before and then I remember that I had to check my exam grade so I want to check it. Um, and I found out what it was and then I think I just stopped doing work for the rest of the day. I was kind of unmotivated. Mm. Kind of sad also. But it, like, pushed me. So now I'm planning to do more work and study for a long period of time. Um, but I guess it kind of changed my whole attitude but I was very disappointed in the moment. Um.",0.5,0.7,0.35
10013,2,"Um where was I gonna check my exam grade? I think I was in the, I think, I think I was in the bathroom um, of Coral on the eighth floor, which is where I live. I feel like I excuse me, I, I think that's where I checked it. I checked it and there I checked it in my room and then I went to the bathroom. Um, and then I left, I was really upset. Um I was not really upset. I was upset in the fact that I didn't do as well as it could have, but it also starts to like calm down and realize, ok, like you're right where the average is. And in class he was talking about how the average being, the average doesn't mean it's that bad, but I was also really stressed because I'm trying to go into pre med. Um, so it was like a mix of emotions. Um, uh I, and after that I went to talk to my friends. Um I was actually really sad and I started talking to them and they started to make me feel better when I was at. I basically thought like what the average is, is if other people got that and it was like, I feel like average then I shouldn't be as sad as before. Uh. Yeah.",0.5,0.7,0.35
10013,3,"Ok. The moment that I viewed my grade, I was really sad because I didn't think that I had done that. Well. Well, I didn't think I had done that well, but when I checked the grade it was confirmed, um, I kind of wanted to switch majors but I talked to my advisor about it. Um, I was, where was I, I think it was in the bathroom. I was on the eighth floor. Um, and then I was by myself, I checked by myself. Um, and then I walked out and I saw my friends and then they were telling me how it was fine how a lot of people did that on the exam. And then, um, I sort of started to feel better. It's becoming like the same routine, which with each exam is what I'm realizing. But I'm also seeking out more help now. Um, yeah, that's it.",0.5,0.6,0.3
10015,1,"When I got the text to open my score. Um I was heading back from my psychology class into um Coral Gables campus which was in flips. So I was in the bus um with some of my friends and um I was just on my phone when I opened the grade, I was very stressed to know my first the score of my first exam in chemistry as well as um my heart was beating really fast and I was super anxious and then when I saw the score um I got really cold hearted because did not expect the score that I got and um I got a little bit sad and um a little bit. No, I wasn't happy. So yeah, that's kind of affected my mood to the end of the day. Um Yeah.",-1,0.9,-0.9
10015,2,"I was very, very stressed when I was opening because my friend who was trying to open it as well. Next to me, she opened and saw her grid and she was surprised by the average. So it kind of scared me more and raised my anxiety. When I first saw the average, I felt a little bit of comfort because like I know the first part of the grade and then when I saw my score, I got very relieved because I did not expect it, but it was not bad. Oh Yeah. My heart was beating really fast and then it just all stopped and relieved. Yeah.",0.5,0.8,0.4
10015,4,"When I first opened the test score. Um I was in my chemistry lab and I was super stressed about it because, well, I wasn't as much stress as the ones before because I had a test at the same time and we were preparing for it. So my stress was all around. Um but not a not, not a lot of focus was given to the score as much as the test that I was planning to take.",-1,0.5,-0.5
10016,1,"Um, when I saw my test, I was on my way to class um to the math class which is pretty easy classroom. So I was like, this is fine, like if it's bad grade, good grade doesn't matter. And then I saw my grade. It was like right before, yeah, right before class and um I was alone, I wasn't with anyone but right after I saw my score, I texted my mom to tell her, um, what was I thinking? I was kind of nervous to see it but right when I saw it, I was like kind of relieved that it wasn't like bad but I know that um like I, I wanna do better for the next one. So moved on now for next test.",0.5,0.4,0.2
10016,2,"Um, when I received my most recent chem grade, I was, I was on a carpet and I was in the room, like, lying on the floor and opened it up. But I was kind of nervous. I think I was, I was supposed to go to class soon and then um I opened it, I was with my roommate and maybe somebody else. I don't remember. And our friend and then I was like, feeling kind of nervous. I didn't feel like I did that. Well, then when I opened it up I was like, oh, like I just did the same exact last time. So like it was fine. Like I wasn't like mad about it but like, obviously I want like an amazing grade but I know that's not gonna happen. And then um I just went on with my day. Um, and I know that I can keep studying kind of in the same way that I do. What? Studying.",0,0.3,0
10017,1,"When I received my chemistry exam grade, I was in the salon with a friend. Um I was cutting my hair, I was getting a haircut and I was pretty anxious about the result. However, I was kind of prepared to get a low grade because I know I didn't like know the material very well. But either way when I received the text that the grade was available and I opened and saw my grade. I was very disappointed and very frustrated, but now I um worked harder so I can hopefully do better in the in the next exam. And yeah.",-1,0.9,-0.9
10017,2,"When I saw my grade, I was leaving my college class and I was walking by myself to another class I had and I had to wait for about an hour because I received the message of that, that my grade was available during the class. So I had to wait until I was over with the class to view my grade. I was really nervous because I didn't know if I was going to get a good grade, even though I had a feeling that I did good in the exam and then I was very nervous. So I had to sit down um like calm myself for a while, like take deep breaths. And when once I was calm, I just got into the link that y'all sent me and just view my grading. Once I saw it was a really good grade, like a 93 which is an A I felt really, really relieved. Um I felt really good. I almost cried and then for the rest of the day, I felt awesome. And now I'm feeling more confident with um my capabilities and I'm hoping to do as good as last time on the next exam?",1,0.9,0.9
10018,2,"Um, I was walking towards another one of my classes when I saw the exam mode and, I mean, I, I'll be honest, I was kind of disappointed with it being a 70 but then I saw the class average which was like a 60 it made me feel a little bit better and then I was like, oh, my mom doesn't want me to compare my grades to other people's grades. So it was kind of like a mix, like, slightly satisfied that at least I wasn't the worst, but also, like, relatively decent that I was numb. Yeah. I don't know. It was, it was just kind of like a shot Android, I guess. But, yeah.",0.5,0.4,0.2
10018,3,"In general, I guess I felt pretty bad about it. Was it a grade that I felt comfortable looking at? I know it was a little disheartening because it was also the one that I had studied with most for. So it was like the one that really bothered me, I guess.",-1,0.7,-0.7
10018,4,"Yeah, I was pretty happy because I did better than I thought I would.",1,0.7,0.7
10019,1,"I was in the dining hall with two of my friends. Um, I was eating, I was feeling pretty bad about it because I didn't do as well as I thought I did and I don't know, I did not like my grade. I think I'll do better next time.",-1,0.6,-0.6
10019,3,That you report your towel.,0,0,0
10019,4,I feel good about my grade. I'm glad I was above the average.,1,0.7,0.7
10020,1,"Um, when I open my chemistry grade I was just walking back to my dorm. I was alone. Um, you know, I was just like, oh, man, no way. I got the grade and I just opened it. I was like, oh, awesome. In 85? That's cool. Um, I wasn't really with nobody and, um, I was just walking back to my dorm. It's just pretty, um, regular. Like, I didn't, I didn't think it was that crazy. Yeah.",0.5,0.4,0.2
10020,2,"When I viewed my chemistry exam, um, I, I was sitting in the room, my dorm room doing nothing. I got a text to view it and I was pretty nervous because my roommate didn't get the best grade, but I was still confident that I did well and then when I opened it and I saw the high score, I was pretty happy. Um, you know, I think it was 8888 is pretty good and I was pretty happy with that, especially compared to the class average. So, yeah.",1,0.7,0.7
10020,4,"When I received my chemistry grade, I was with my roommate and, um, I was like pretty upset cause it was definitely a low grade lower than I expected, but I wasn't that upset. I wasn't that distraught cuz um, I think my average wasn't and that low. Um, and I just was that upset in general I had it. Yeah.",-1,0.4,-0.4
10021,1,"I was in my room, my dorm waiting for the grade to come out. Um I was by myself, I was just taking some downtime in between classes and kind of scrolling on my phone and receiving the text from the study team saying, you know, like 15 minute countdown or the countdown. I was thinking that I felt pretty confident about the test and I was hoping that that would reflect in the grade and I was feeling anxious but also excited to receive the grade because it would help me gauge how much studying I need to do for the class. And um I was feeling and thinking about the exam itself and reflecting on some questions that I had some issues with. Um Yeah.",0.5,0.6,0.3
10022,1,"Um I was in my dorm room alone. It was, I think of, I can't remember what day, but it was in the afternoon. Um I had just gotten off the phone with my mom. I knew it wasn't gonna be a great score just like off the like off what I knew coming out of the classroom and how I was feeling that week about like the content and I was super, super sick also. So, yeah, that was about it.",-1,0.6,-0.6
10022,2,"I was with friends. Um I was just thinking how I wish I could have done better and that was really it. I felt a little bit more confident about this than the other test one, so just disappointed.",-1,0.5,-0.5
10023,1,"When I viewed my chemistry exam, it was last Tuesday and I was in my sociology class and I got the notification at the moment. Like I got it. I was kind of scared to look and I didn't wanna look, but once I opened it up, I seen, I got like, ac and I was ok with that, um, because I thought I did were way worse. So I was ok that I, like, I was glad that I had a passing grade and I was just relieved that, like, I finally knew that, like, I was just like, I just came to peace with the situation.",0.5,0.4,0.2
10024,1,"So when I got the text that like my exam grade was released, I was in my room sitting at my desk and that's where I'm sitting right now. Um when I was alone and my Wi Fi wasn't working. Um So and I had been doing work before too. I was just like tired and whatever. Um but I like my wifi wasn't working so I couldn't open the link to see my grade and after like 20 minutes of trying to get it to load, I was just like, so like angry, like I just got like really frustrated and then I like went outside and like stood outside my apartment building and there I was able to open it because there's no service in my building. I only have to use like I have to use Wi Fi. Um So I had to go outside to get some service but I was like having a meltdown mostly over the Wi Fi and I was just so angry that I couldn't see it. I couldn't see my grade. Um But yeah, and then afterwards I went for a walk and I felt better but like, I wasn't really stressed about my grade. Um, I was just like, already in a bad mood and then I was kind of like me about my grade because it wasn't like, as good as I was expecting, but it wasn't bad. Like I'm not unhappy with it. So it was kind of like, oh, ok. Me and so then I was still kind of cranky.",0.5,0.7,0.35
10024,3,"Um, honestly I don't really remember where I was or what I was doing. Actually. No idea. Um, it was like I was about to go to dinner with my dad and, yeah, I think that's about it.",0,0,0
10025,2,"I was in my room in my bed watching the show and I got a text. I was ready. I opened it and I was disappointed. But then again, I'm feeling all right now. Back then. I was pretty sad.",0.5,0.6,0.3
10026,1,"When I viewed my most recent chemistry exam grade, I was sitting on like the terrace of Shalala um working on homework and I was by myself. Um This was as soon as they were released, I was working on homework, studying for another class and I was very happy with my score. So I was thinking that this was what I was expecting and considering like the time and effort I put into studying, I feel like my score was reserved well deserved.",1,0.8,0.8
10026,2,"When I saw my most recent chemistry exam grade, I was in first year writing class. Um and I was with all the people in my class. Um The classroom is in Mahoney Pearson classroom. And bef when I opened it, um we were working on an individual assignment, but I was able to take a break to look at it. And before I opened it, I was feeling pretty nervous. But once I saw my grade, I was pretty confident and knowing that I got an A made me feel better.",1,0.7,0.7
10028,2,"Um I viewed my most recent um chem exam grade right after my math class. I was in my dorm. I was with my roommate. Um I honestly, this sounds so silly, but I did better than I expected. And so I was just like, wow, I mean, I still failed but I mean, I didn't really care. I was just happy I did better than I expected. Um And I'm pretty sure I got all of the multiple choice. Right. Or at least I think I did because that's all I did. I didn't put like a single answer down for any of the written responses. I don't know if I said this already. But while I was taking the exam, I thought I had like 40 minutes left. And as soon as I finished the multiple choice, I felt really confident in it and I knew how to do it all. And I studied really hard and I understood it and I go to do to start the written responses and I hear doctor connect say that we had 10 minutes left. So I kind of knew I failed at that point. So I'm kind of indifferent about this exam. Um, I'm actually currently studying right now for the next exam and I'm doing my ML OS. Um, I'm feeling really good. It's just a lot of math and it's a lot of, like, remembering what is, where and making sure I'm typing things into the calculator. Right. So, yeah.",0.5,0.4,0.2
10028,4,"Um, I was in my dorm when I viewed my most recent chemistry exam. I had also just finished a math exam, so I was just not in the best mood and I was also feeling a little sick when I took the exam and I was still sick by the time scores came out. So I was just not in the best head space but, you know, it's ok. It was just, I was alone so I didn't get to talk to anybody either. Which kind of sucked. But I was just a little upset because I really hope that I can actually pass chemistry. So, yeah.",-1,0.5,-0.5
10030,2,"I was in my room, uh, and I basically checked the grade. Uh, and the first thing that came to my mind is that the hard work that I put in didn't, uh come with the result. So I felt very empty.",-1,0.7,-0.7
10032,2,"Uh when I first viewed the grade, I was pretty happy just because I was able to increase my score. And um that's all I was really hoping for. Obviously, it could have been a better result, but I also compare myself to the average, which was good.",0.5,0.6,0.3
10033,1,"When I opened my most recent chemistry exam grade, I was sitting in my bed after a nap and I was with my roommate and I was nervous about it, especially when I saw the class average and then I realized that it was just the class average. So then I clicked to the next page and then I was like questioning my own grade because I saw what the class average was. But then I finally got to the page with my grade and I saw it and then I was excited and yeah.",1,0.7,0.7
10033,2,"I viewed my last most recent chemistry exam last Wednesday at 350 when I got the text that it was up and I was, I was in the dining hall um by myself eating and yeah, I was nervous to see what it would be and then I was disappointed to see the result initially.",-1,0.7,-0.7
10033,3,"I opened my exam when I was walking into my dorm room after, um, my calc class last Wednesday. And I remember being excited because I had studied really hard for this one and only thought I had gotten or I knew I'd gotten one wrong. And I, that's the only when I could, like, remember getting wrong, even though I was disappointed about missing the extra credit of point. And then when I opened and saw my score, I was like disappointed because I knew it meant I had gotten probably another multiple choice wrong and at least something else. Um, but overall, like, I didn't do bad, I just was disappointed because I felt like I really knew the material well, but like only getting like one little mistake or two little mistakes and they drop a agree that much. But yeah, I was by myself and yeah, it was pretty much it.",0.5,0.6,0.3
10034,1,"Ok. When I received my chem exam grade, I was in my house in my bed, I was doing nothing. And when I went to go check my score, I was very happy. I was feeling satisfied with the grade I got and it was what I was expecting.",1,0.8,0.8
10035,2,"When I first saw my exam grade, I was really disappointed, but being slightly below the average was very disappointing. I was by myself in my room when I first looked at the grade and then my roommate came back and she asked what was wrong. And, you know, I explained that I worked really hard for this and that I was disappointed in my grade, but it's ok. And then afterwards we went to the dining hall and got food, there, ate a little pick me up, went on a walk, came back and studied for the other exams that I had to take that week. You know, it's disappointing, but I was disappointed but it is what it is and I couldn't really do much about it.",-1,0.7,-0.7
10035,4,"When I last viewed my chemistry grade on the most recent exam. I was with my friend Danny and my friend Zach, both of who I studied with for the exam. Oh, I was super excited and I squealed. Um I opened it shortly after the um grades came out or I got the notification that I could look at it. I opened it shortly thereafter. We were in a centennial village dorm. Um We were just kind of hanging out and then I was just super excited. I celebrated with Danny like we both squealed. We're super, super excited um because we put a lot of time effort and energy into studying for the exam. Um Yeah, just super excited, super relieved. I honestly like couldn't even believe it. I had to like reopen my score like four times before I like believed that that was actually the grade I got but just super excited. Super relieved, super happy.",1,1,1
10036,1,"So when I first opened the test, um test grade, I was in my microbiology class and this was around 3 p.m. and I was with my friend and she tells me, oh, the scores are released and I'm excited that to see my score because I studied really hard. Um, when I opened it, I was, I saw like a 50 a 50 something like a 56. And I was like, oh my God, like this is so embarrassing and humbling because I opened it in front of her and she had gotten like a 90 something and I had gotten a 50 something and I was like, oh my God, I did so bad. But, um, I didn't know why I did so bad because I studied with her. So it was like, I got a 50 she got a 90 I just, I felt very embarrassed but I didn't have time to process it much because I had to move on to my next lecture. So I kind of just forgot about it. And I told myself to try better again for the next exam.",-1,0.7,-0.7
10037,2,"For my recent chem exam. I was very satisfied. I was actually alone in my room waiting for the result because the survey kept sending me text message updates about when the test result would come out. I was very anxious and when I saw the class average was to 60 I was very scared to see my score. But when I saw that I received the 94 I was jumping up and down. I was really happy and really excited and really thankful that I did really well and very proud of myself. Um I ran into my suite mate's room and let her know and she was very happy for me and yeah, I'm going to continue to strive to do the same on my next three tests.",1,0.9,0.9
10037,4,"When I received my score, I was in my dorm room by myself and I texted my friend and my boyfriend and I got a really good score and I felt really happy and proud that I did so well, even though I expected above a 90 but it was very nice to have received a 93.8 on the exam. And I'm definitely going to strive to do better on the next one.",1,0.9,0.9
10038,1,"Um, I think I was walking back from my chemistry discussion when I viewed it but I remember viewing it and like, it was kind of scary because you're going through so many steps and you thought like, the next step was like, oh, like I'm gonna see it. Oh, I'm gonna see it. And then, like I saw the average and I was like, oh my God. Like, because at first I thought it was my score. So I was like, oh, crap. But then, um, I realized it wasn't. So then I went to the next page and I was by myself. I think I was walking and then I saw it and I was like, oh, ok, like, not bad. I kind of like, was thinking myself like, oh, like, I wonder, like, what I got wrong? Like, what points did I miss? Because I felt pretty confident coming out of it. Uh, yeah.",0.5,0.4,0.2
10038,2,"Um, when I viewed it, I was in the study room and centennial, um, working on my homework and I was with one other person and, um, I was really happy about the square call. I don't know. I thought I did a lot worse and, um, it was like, right when it was sent it out. So whenever that text was sent, um, I viewed it, I was super happy. Oh, yeah.",1,0.9,0.9
10038,3,"Hi. Um ok, so when I was viewing my chemistry grade, I was in the dining hall with my friend addie and I was eating food and I opened the text right when I got it. So I got 330 yeah, I remember feeling kind of like, oh, ok, like not bad, like better than I thought I was gonna do. Um but also not like the happiest cause I was like, I kind of wanted to do a little better but I felt ok.",0.5,0.4,0.2
10038,4,Um I was at my pie in the face Competition and I found out I was saying this to my friend Eddie and that's when I was happy and really grateful and very thankful that that was my score. And yeah.,1,0.9,0.9
10039,1,"Before I got my exam, I was really nervous and scared for what it would be. Um, and then as soon as I opened it and saw my score, I felt very relieved. Um, I know it wasn't the score. I thought I, I did better than I thought I would. Um, but I would still like to do better on these exams in general, but I was pleased with my score because I didn't know how it was gonna go. Yeah.",0.5,0.7,0.35
10039,2,"When I saw my last chemistry exam, I was in my room alone. It was the afternoon after all my classes. Um I was just doing some homework and relaxing. Um, before I saw, I was definitely very nervous because I didn't really know how I did or what not. Um Yeah, after getting the tactics that the scores would be released, I definitely got more nervous and as the time was building up till my exam score was released, I was getting more nervous, but once I saw it, I was relieved and felt a lot better.",0.5,0.7,0.35
10039,3,"When I saw my last chem exam, I was in my room doing some homework. Um It was later in the day around 4 p.m. I was alone. Um I was nervous to see what I got because I didn't think I do did that well, but then as when I opened it, um I was actually very surprised because I did a lot better than I thought I was gonna do and I was very relieved to see that score.",1,0.8,0.8
10040,1,"Well, I was walking back from my lab back to my dorm room and I was like, ok, I should probably sit, prepare myself a little. So I sat on a bench and I opened it up and I was like, whoa, that's not good. No, no, no, no, no. Well, now it's funny like a week ago I was bawling my eyes out but now I'm just like moving on. Living life. PV equals N RT. You know, that's the new stuff to move on to who cares about whatever the f whatever was on the other test PV. Equals on RT gas laws. That's what I know today. Um Who were you with? I was by myself. Uh, what were you doing? I was just walking back from the lab. What was I feeling? Sadness, despair, tr tragedy. Um Loki scared. I'm gonna lose my scholarship here and have to go to community college back home. Don't wanna do that. That would be bad. Oh yeah. That's about it. I'm live life loving right now. I just went to chem tutoring feeling pretty good. I'm a, you know, studying a good amount of days in advance. We're living loving life, not a week ago, but today is a better day.",0.5,0.7,0.35
10044,1,"Uh, I was in Santana watching the Trump and Kamala Harris debate. So I wasn't really pay much attention to my grade. It was during the night I was with my friends. Uh, I was disappointed because I think I'm pretty good at science but, um, I regretted not studying. That's what I was mostly thinking, but it didn't really pay much attention to it because I know one of the tests is dropped off. So it's not that I don't care, but I, I wasn't doing so bad.",0.5,0.4,0.2
10045,2,"I mean, um, when I got my chemistry exam grade, I was like, at the gym and I, like, low key, forgot that we were going to get it. And then I picked up my phone and I was like, uh, oh, so I opened it at the gym and the grade was, like, lower than what I wanted. But, like, it's fine, I guess.",0.5,0.4,0.2
10045,3,"Um I forget where exactly I was but I'm pretty sure I was like, doing like homework outside, probably che homework. Um But yeah, I was like by myself and I like, got my score and I was like, oh, because I like thought I did good after the tests. Like I knew that the MCQ was kind of hard. So I was like, uh oh, like hopefully didn't ruin my score too much, but it did because I did like looking back at um my grade, I like did really good on all of the, like the medium question, the long question. It was just the MC Q that fucked me up because I got like three wrong. Um But yeah, and I was like mad because I was like, oh I thought I did better but it's whatever.",-1,0.5,-0.5
10046,1,"Um I got my chemistry exam score. Um I believe it was last week. Um I was in my, I was in the suite with like a bunch of my friends and then we kind of like most of us are part of the study. So we were just like waiting to like see it together and um when I saw it, I was pretty excited because I did not think that I was going to do as well. So I felt really good about my score. Now, I'm just a little worried about my next exam but you know, keep it pushing. Yeah.",0.5,0.7,0.35
10046,2,"So the moment that I, that I looked at my chemistry exam score, I was in the suite like the U CS commuter suite. Um my friend had already received their score. So I was kind of like bummed out. I was really hoping that I did good. Um I wasn't, I was honestly waiting for the score to get released because we had the countdown. So I was just kind of waiting literally counting the minutes to get my score. I thought I was gonna do really, really bad, but the moment I opened it, I felt honestly really good about my score. Like I did not think I was gonna pass whatsoever. So to know that I did above average was like really good.",0.5,0.7,0.35
10046,3,"Um when I saw my score for my exam, I felt really disappointed I was with my friend, my friend was the one that saw it first and he told me what I got because I didn't see it. Um And I thought I was going to do way better than I did after I saw the average, I was like, wow, it's really low in comparison to the other one. So I knew that it was not going to be like as good of a grade as I did in the first one. But then I was like, I'm going to start with the six. Like I knew that I was already like a little on the lower side. Um Honestly, I felt really disappointed like when I saw my score but it's still above average. So it's not too bad. I just really need to do better for the next one. So I wanna like have a good grade for my class. So yeah. Um not good overall.",-1,0.7,-0.7
10046,4,"When I got my most recent, um, chemistry exam grade, it was my friend and I couldn't get it because I was putting the wrong number. I didn't realize I had put my phone number wrong. Um, so I was a little, like, scared but I got it figured out and then when I looked on my score it didn't feel really good. Um, I knew that I hadn't done as good as I thought I was, but I didn't expect to have such a low grade, um, below like the curve. Um, I didn't really feel good about it but I did know that that was possibly going to be my job and it is and I'm ok with that, but I just really have to study for my, um, final exam so that I can have an overall great exam score. Um, yeah.",-1,0.5,-0.5
10047,1,"Well, I actually couldn't take the exam because I was super sick. So I didn't take the exam, um, which was a zero. fortunately the lowest grade is dropped. So this is gonna be my dropped grade.",0.5,0.6,0.3
10048,1,"I was in the nail salon getting my nails done and I got the text message and I was feeling very uh anxious and disappointed and upset. So then I texted my parents and told them and they were very supportive, but they obviously want me to do better. So I don't know. I am, I have been studying a lot for this next exam on Friday. So I'm hoping that will pay off.",-1,0.7,-0.7
10049,1,I was outside of lab about to walk in. I viewed it. I felt pretty good. And then I called my parents to let them know what I got. And then I went into lab. That's what I did.,1,0.4,0.4
10049,2,"I was slightly surprised because so many people had said they thought they failed it and I felt pretty confident. But after hearing everyone else's reactions, I thought that maybe mine would be the same. But I was very relieved and excited to see the grade and I was very confident in the fact that, like I had done most of things. Right. But I knew I didn't get 100%.",0.5,0.7,0.35
10049,4,I felt very good and very relieved and very motivated and relaxed.,1,0.9,0.9
10050,2,"Um, I'm still pretty annoyed by it. Um, I just found out that I could look and see, like, what exactly I did wrong and just knowing I did a lot better on the written out que like, the long medium questions than I thought I would. It was mostly the, um, multiple choice that, like, went poorly, which is really, really frustrating because I don't know, I also can't, I am not aware if I'm able to, like, see the, uh, multiple choice, like, correct answers and like, what I did wrong for those, but it's just really, that's really frustrating but honestly, like, it's fine. Uh, it's a little scary that I used my, uh, test job now that I don't have that, like, comfort through the rest of the year. But I've also heard a lot of other people say the same. So, yeah, that's about, that's about it.",0.5,0.6,0.3
10050,3,"Um, I'm still really upset about it but, like, there's really nothing I can do at this point. And honestly has me, like, in a little bit of a panic because now I'm worried I won't be able to end the class someday. So, I don't know. Maybe it's a little more motivating to study. I like everyone studying a lot and it's a little unmotivated at the same time because I've been studying so much and I'm still not doing what I wanna be doing on the test and so I don't really know what's going on there. Oh, yeah. Yeah. So a little stressed by litter, I mean, a lot, but it'll all work out in the end, hopefully.",0.5,0.7,0.35
10051,1,"When I was first viewing my most recent chem chemistry exam, I was by myself sitting in my bed in my dorm room and I think I had just gotten back from a few classes or it had been like a few hours after I'd gotten back from a discussion. I think it was chemistry discussion and I was by myself in my dorm and at the time I was very nervous because there was like a countdown going on until the grades would come out. So that was making me very nervous because I had almost forgotten about it before. And overall, I was kind of feeling very nervous and it was my first chemistry exam. And although I thought, like afterwards, I thought I did good. Like I still couldn't be completely sure. But after getting my grade, I felt very relieved afterwards.",0.5,0.7,0.35
10051,2,"When I opened my most recent chemistry exam, I was in my um chem discussion class and I was with my chem group and we were at the end of the class and I got the text saying that um that it was time to open my uh chem score and I think we were, I was finishing up one of the chem problems that we were working on while I opened it or like I finished it and then I went to open it and I was very scared at the time because I had just heard everyone around me had gotten their grades and I had heard that the average was at 69%. So I was like, really worried for what I got and I was overall just stressed out in class because it was counting down at the time. I got it and everyone else had gotten there but me so I was like, I was getting really nervous for what my score was gonna be.",-1,0.8,-0.8
10051,3,"When I opened my viewed my most recent chemistry exam, I was walking from the library to my chem discussion I think and it was Wednesday last week at like 325 ish. I wanna say and I was walking to my um chem discussion by myself from the library and I was, when I opened it, I was very stressed because I saw the average that was like a 66.7 and that one really scared me cause it's like lower than all the other ones we've had so far. But I had known that this test was really hard and I had honestly thought I'd done better. So I didn't feel great when I opened my grade, but I was kind of just happy that I passed.",0.5,0.7,0.35
10052,1,"Um to be honest, I don't remember, I think I was walking. I wasn't with anyone. Um I saw the average and at first thought it was migraine and kind of freaked out and realized that wasn't it. Um And so I was feeling a little scared and then I opened, it, saw my grade texted my mom and then stopped caring about it.",0.5,0.4,0.2
10052,2,"I was on my way to math class. I stopped to fill up my water bottle. Then I continued towards the door as I came close to the entrance, it finally loaded. I was with no one. It was a disappointing grade to see I was thinking, oh, wow. I have to go to math now, but nonetheless, I survived. I became a stronger woman because of it. And next, next test I will be better and do better. Um That is all. Thank you.",0.5,0.6,0.3
10052,3,"I was in math class. Uh, my roommate was next to me who's like my best friend. I was thinking about how, if I did well, I was gonna get myself Chick Fil A and then I clicked on it and I didn't do well and I was immediately upset, not because of the grade because I wouldn't be getting myself Chick Fil A. So I was feeling sad. I was feeling hungry and I was angry because all I wanted was the chicken nuggets.",-1,0.8,-0.8
10053,1,"Um, I opened my chemistry grade in my dorm room. I was doing homework for another class. I think biology. Um I was scared at first when I opened it, like, it showed the class average and I thought that was my grade and I was like, um, ok, I thought maybe it's a little better than that. Um, but then once I saw my actual grade, I was um, I was pretty happy. I was just a little sad because it was like, I, I knew exactly which problems I got wrong because I copied, I copied it down onto like I work wrong. Like I just changed like I wrote a number wrong. So then I got the wrong answer. So like I just know I could have done a little bit better, but overall I was pretty happy with my grade. I was really disappointed I did better than I expected. But it was just like, I know, I, like, I literally just made easy mistakes and so I could, I know I could have done it even better than I actually did. But um, I was pretty content. I wasn't sad. I was, I'm pretty happy. So. Yeah.",0.5,0.6,0.3
10054,1,"I was on my way to a doctor's appointment and as soon as I got to the parking lot, it was just me sitting there. I had a couple spare minutes before my um appointment and I checked my grade in the portal. Um, honestly wasn't too nervous. I thought that I had done well, but I was so nervous cuz I really wanted to know like what exactly I got or what I could have missed points on maybe, um, I think it was around three or 4 p.m. that I checked and yeah, I mean, I was a little nervous checking it but not too nervous because I thought I had done really well. I mean, the, um, the homeworks and self assessment leading up to it and all had gone pretty well. So I wasn't too nervous, more kind of excited I think, to realize how well I did if I had done better than I thought I did do better than I thought so as soon as I opened it, um, you know, felt pretty great, felt really good about myself. Um, I was expecting, I think I was expecting an a but I doubted myself. For sure. I thought that some silly mistake or something, um, would have cost me some points but really, really happy to see that it did get 100. Yeah.",1,0.8,0.8
10054,3,"Um checking my last chemistry exam. I was on my way to class. I was a bit, I and I got the text from a deal that was me and I just checked it like immediately. Um I mean, like signing in to check it, I knew it hardly was gonna be great. Um Obviously not at this point where I did see it too, but not too stressed out because I did great on the last two and this will just be my drop. Um, a little nervous for the rest of the test. I need to do better on those because I do want to finish with an A plus or a not an A minus and I already used my drop on this.",0.5,0.4,0.2
10055,2,"When I saw my chemistry exam, I was in the parking garage in the car waiting for my friend to get out of his class and I saw my exam grade and I was not too happy about it. I was pretty disappointed. I honestly thought I did better, but clearly I didn't, I was really upset but I just took my mind off it by going on Tik Tok. Um, but yeah, hopefully next time I'll do better or I'll be really depressed again.",-1,0.9,-0.9
10055,3,"When I viewed my most recent chemistry exam grade, I was in the car waiting for my friend to get out of class. Um, and literally beforehand, I was just watching Tik Tok, uh, trying to take my mind off of things. But when I did get the exam grade, I was honestly, like, probably the most disappointed I've been seeing all the exam grades in the past only because the past exams I figured I wasn't gonna do good and obviously I didn't do good. But this one, I was like, when I got out of the exam, I thought I did a lot better and like, I actually felt like I knew a good majority of it. But then when I got the exam grade, um, I was proved on and I was really upset and discourage and just made me feel even worse about everything. And yeah, so, yeah, just made me feel worse about myself and how I study and how, I don't really know how I'm gonna pass this class anymore. That's about it.",-1,0.9,-0.9
10055,4,"When I saw my most recent exam grade, I was with my friend. I'm pretty sure. And, um, I think I was just, we were just waiting, I think we're waiting for his class, um, to, for him to go to class, but we were waiting in his car. But I felt, I remember feeling really bad cause I actually thought I did pretty ok better than I thought I would do, would have done a little bit better than what I got. But I was really upset. Not only because I did worse than I thought, but also because now I have a higher chance of failing the class. So, yeah, I didn't feel good when I read when I saw the, the exam grade.",-1,0.9,-0.9
10057,2,"When I received my most recent chemistry exam grade, I was in my room. Um It was like great when I got the text message and I was on facetime with my mom. Um and I just remember feeling really upset once I opened it and having to share my score with my mouth.",0.5,0.7,0.35
10057,3,"Um, when I got my most recent CM exam, I was in my dorm, I had just, like, woken up from a nap or something like that. Um, and I just remember feeling really upset.",-1,0.8,-0.8
10058,1,"I viewed my score about a week ago. I believe I opened it up, I think at home since I commute to school. I came home, I was alone. Um And I view my score. Uh first I was lo logging into the thing and I was a little confused by the average score because I thought it was my score. And then I was like, what? But then I logged in and then I saw I got an 87 which I was, I was good. Um I was happy with that score. I was thinking about what I could have possibly gone wrong. I knew I got one thing wrong. Um But then I saw later that week when the scores were uploaded to blackboard with like the um teachers uh like view thing. I saw exactly the three questions I got wrong, which was um good to see. And now I know that there is room for improvement. Although I know that the mistakes I made were pretty simple. It's not a problem with my conceptual understanding. Um Let me see, what else can I remember? I was thinking? Yeah, I was thinking I was pretty happy. Um I was pretty happy with my score. I expected a little better but that's ok. Um I was good with it and um yeah I just wanted to see what went wrong. That's it.",0.5,0.4,0.2
10058,3,"Uh my most recent chemistry exam. I was at home alone. Um, I think I had just finished doing some other class work. I was in the middle of doing some other classwork. Um, I was very happy because it's my first a in the class. And, um, I remember being, being very excited about that and afterwards I was just finishing my work and then relaxing at home. That's about it.",1,0.8,0.8
10058,4,"I don't exactly remember where I was. I think I was at home but I'm not sure. And I remember, um, that I was feeling pretty neutral about it since I got a good grade. But it's about what I expected. And so, yeah, I was just feeling a little bit tired during the day, um, about the day and happy about the grade. Just nothing crazy. What's it?",0.5,0.4,0.2
10059,1,"Um I was in my dorm room just laying in bed and I got the message from the MD L team saying that my test score was available. So I went and opened it. I was by myself at this point and I opened it and I was shocked to see my score not as like not super shocked but a little shocked because I thought I did much better and I felt I was a little defeated for a moment and then I was like, ok, 85 is not too bad. So I got over it and it just continued on with my day. It kind of stuck with me for a little bit. I thought about it, but I just told myself I'm gonna do better on the next test. So it's not that big of a deal.",0.5,0.4,0.2
10059,2,"Um, I actually just viewed my chemistry grade, not like a test grade, just my overall grade, like 10 minutes ago because I got this message and I was in my, um, chemistry discussion class. I wasn't, I mean, I was surrounded by people in that class but I wasn't really talking to anyone about it. Um, it says 74 at first but it was 74 out of the 90. So I almost freaked out for a second. But then I found out that my grades, like at 83 which is a little lower than I wanted it to be. I'd be more happy if it was like in the 85 plus range. But, and 83 is ok. I need to look at the grading scale. I don't remember what exactly that is. I'm hoping it's at least A B, I mean, I prefer B over A B minus but it is what it is as long as I can keep it in the B and A and A range. I don't want anything below B, I hope that was still recording my phone turned off anyways. Thank you.",0.5,0.4,0.2
10062,1,When I was um viewing my most recent chemistry exam I was in my dorm with or on a beat. We were doing our chemistry three labs and I was feeling very excited about seeing my score because I thought I did very good in the exam.,1,0.8,0.8
10062,2,"The moment I viewed my most recent chemistry exam, I was in chemistry lab and I was with Orel Navid and I got the score around 5 p.m. I was doing a condom meric titration and took a break in between my titration to view my score when I got the text and I got an 80% and I was happy about this war because I felt I did very bad on this exam, but I'm satisfied with an 80%.",1,0.7,0.7
10062,3,I was in Canada with my friend go and I was performing the tournament or about to start performing the tour. I was really upset because I remember expecting a 72 and that's pretty much all.,-1,0.8,-0.8
10063,1,"When I first viewed my most recent chemistry exam, I was walking back from my bio and chem lab and I was with two of my other lab partners and they knew I was in this study and that I would get my grade back early and they really, you know, they were curious to do the average and I told them I couldn't open it just yet because I knew I had to do the recording as soon as I saw my grades. So, um, I was walking out and I opened it while I was with them and all I was thinking was, please don't do horrible because two of the people in my lab group are right there. Um, so I was really, really nervous actually because I saw the average first and I then I like, was like, maybe I didn't get 100 because that's what I had predicted because I thought I knew the material really, really well and I checked over my test two times before handing it in, didn't find any mistakes. And so, um, after viewing it, it was just more of like relief. I was like, ok, I did great. Didn't have to stress the average, you know, didn't, that wasn't, you know, didn't reflect me. Um, and I was also kind of relieved because, uh, my two lab partners, uh, didn't see that I got a bad grade. So.",0.5,0.7,0.35
10063,2,"I was about to leave to go to a meeting and I was really, really nervous because I didn't know if I did bad or good, but I did good. So I was very, very happy. Especially considering that I know a lot of other people didn't do that. Well, so, yeah, I was by myself and I was just feeling very, very relieved.",1,0.9,0.9
10063,3,"I was by myself walking back to my dorm to class. Um, I was just looking at my phone so I looked on my good and very happy I said to my parents because, you know, it's really good. I did though. And overall I was just very, very happy with the exam still. It.",1,0.8,0.8
10064,1,"Yeah. When I got my most recent chemistry exam, I was leaving the CN Center for Biology tutoring since I had my biology exam. The next day I had gotten the email a couple minutes before it started. Well, not the email, the text message saying that it would be available to you in 15 minutes. So the whole time I was in the session, I was very antsy to lead because I wanted to look at my score. But I didn't wanna do it while I was there just in case it was bad and it like ruined my whole time. So as soon as I walked out the building, I was about to get into the elevator. I was by myself. I was really nervous because I'm a straight a student from high school. I had a 4.0 and like a 5.6 GPA. So this was technically my first high, um my first college exam. So I was pretty nervous. I felt like I did good. But after the exam, I know I was talking to some of my friends and we kind of varied in our answers a little bit. So that was really nerve wracking. Um I was getting into the elevator and I logged in and my heart dropped because I saw 76.4% or something like that. But then I realized that was the class average. I thought that's what I got. So I was really scared. But then afterwards I went through and I realized, oh, that was the class average. I went to the next screen and I saw my own grade. I got an 86. So basically like 10% higher than the class average. So it wasn't bad. Um, in the moment I think I was more disappointed than I am now. I'm not too sure. Honestly, I feel like I still feel a little bit of disappointment since this is supposed to technically be the easiest exam. Um, but, you know, for the most part, still pretty happy that I did so well. And yeah.",0.5,0.7,0.35
10064,2,"I was by myself. I actually was a part of the ring study. So I had the Sunstream ring. I was in the dining hall. I remember being aware of the ring. So in my head, I was like, oh, I wonder if my heart rate's gonna go up. Um, when I checked it, I was a little surprised I kinda feel the same way now. I thought it was going to go a bit better, but overall I'm still pretty happy with it. Um, like I said, I was in a dining hall or food court, so I was like eating or about to eat. Um, I was just honestly like I knew it was coming. So I would say I was like, overall a little bit pretty anxious. But yeah.",0.5,0.4,0.2
10064,3,"Yeah. Um, I got my most recent exam grade when I was walking into Starbucks with my friend. Um, she also is in chemistry. I didn't wanna look at her grade because she thought she did that. So I kind of checked mine without telling her, I just did it slyly. Um, I guess, and as soon as I saw it, I, because I thought I did pretty well. Like, I thought I at least got maybe like a 90 or like an 88 like, something in that range. So when I saw it was like, I think, like a 75 I was, like, kind of sad and I feel like it brought the mood down a little bit just because I wanted to be done with the day. Like, I didn't really want to be around anybody. But, um, then, like, as time went on it's kind of like the same thing all over again. I feel like I just kind of accepted it.",-1,0.6,-0.6
10065,2,"I viewed my most recent chemistry exam in English class with my friends. I was doing my English work. Um I was a little scared before I opened it, but then once I opened it, I was like, ok, I was a little disappointed for a minute. Like I definitely could have done better, but then I was fine.",0.5,0.4,0.2
10065,4,"When I got my most recent chem exam, I was in my bed by myself. Um I just woke up for a nap. Um I felt pretty good. It wasn't bad at all. So yeah, I felt pretty good. I was pretty happy. Um I wasn't stressed for the rest of the day.",1,0.6,0.6
10066,2,"I opened my chem exam grade in my dorm and when I saw the average, I was a little surprised because I didn't expect a lot of people to do bad. When I saw my grade, I was not proud but I did better than I expected. So I wasn't upset but I was mad that I didn't do better.",0.5,0.6,0.3
10066,3,"My chem grade came out when I was with my friends going to get food and I saw the class average but I didn't check Migra until I was alone and I checked it when I was back in my dorm and I wasn't shocked that I did not what I wanted, but I was shocked that I did that poorly because I studied for a whole week for it and I thought I was prepared.",-1,0.7,-0.7
10066,4,"I don't really remember where or when I opened my chemistry grade, but I do remember being really happy and kind of a little shocked. And the first thing I did was text my roommate who's also in chem. And we were both really excited because we both got the same score. And I knew I did well because I felt confident after the test. But I didn't know I did that that well. And I was really proud and it made me feel like my studying paid off even though I didn't do a lot of studying because I was very sick.",1,0.9,0.9
10067,1,"Um when I received my most recent chemistry exam grade, I was in my dorm, I had just taken a nap. So I woke up. I was kind of confused and then my friends texted me that the exam was out. So um I was with my by myself um again, just kind of waking up from a nap and I opened it. I was kind of disappointed that I didn't get a higher A but I was happy that I did get an a um so kind of mixed feelings but um at the end it was fine. Um and yeah, I wasn't really that like upset about it, but I wasn't like super happy with the rate that I got.",0.5,0.4,0.2
10067,2,"I was in my dorm, um, right after taking a nap and I saw it, um, I was by myself just laying in bed. Um, I was thinking, I probably didn't do that well, and I didn't, so I didn't feel that horrible because I kind of affect, um, expected it and, yeah.",-1,0.3,-0.3
10068,2,"Um, when I first saw my chemistry exam grade, I was walking to my chem lab and I was fairly surprised by the grade I got, I thought I did a lot worse so I was pretty content with the grade I got.",1,0.5,0.5
10068,3,"It's currently been around a week since I've saw my most recent chemistry exam grade. Um I remember I was leaving chemistry lab when I got the text to look at the grade. Um when I saw the grade, I first saw the average grade and was scared that I was gonna be around the 60% mark as it was. But I was highly surprised when I ended up getting an 87 on the exam when I was really expecting like uh C or D. So I am fairly proud of how I did. Um Looking back, I see that I made a couple of uh stupid mistakes that could have been um I avoided, but besides that I am content with my grade.",0.5,0.6,0.3
10070,2,"I was walking back from class and I got the notification that my grade was ready. So I went to check it and then once I did, I was kind of got the grade I expected, I, I wasn't with anyone. I was just walking back alone. Um, and I, I mean, like, obviously I was upset with my grade, but I kind of expected it. So I didn't really feel too bad because when I was taking the test, I barely had enough time to finish it. So I knew that like, I wasn't gonna get in the nineties, but so I was upset but not surprised.",-1,0.4,-0.4
10070,3,"When I saw my most recent chem grade, I didn't really have a reaction to it because I kind of expected what I got. So when I looked at it I was kind of just like, oh, ok. Like it didn't really affect anything.",0,0,0
10070,4,"I was in my dorm. Not really doing much. I think I was just cleaning my desk or something because I was getting ready to leave for, um, the break. But, um, no one was there. My roommate already left. Most people had already left to go home. Um, and I was just, I was kind of calm. It was like a very, like, relaxed so it didn't really bother me.",0,0.2,0
10071,1,I was so excited. I was walking around campus and I was really nervous to click on my score. But when I found out I was like jumping and screaming and I immediately texted like all my friends and family um about the score. So it was a really good experience for me.,1,0.9,0.9
10071,2,"I was in my friend's room when the scores came out and we are both in the study. So we both checked at the same time and I was excited. I mean, usually I prefer to get a 90 or above, but I would definitely take an 86 especially considering my friend did a lot worse than me. So, yeah, I was pretty happy. Hopefully the next test goes well.",1,0.6,0.6
10071,3,"So I was pretty nervous because everyone says that this is the hardest exam and I thought it went well, but I kind of had no idea. And then I saw the class average and I was really scared because it was really low. Um And then I saw my score and I was really happy because it was a 90 I'm very ok with that. It was uh it was awesome.",0.5,0.8,0.4
10071,4,"Um to be honest, that feels like forever ago. Honestly, it was a disappointing experience, but I am comforted in the fact that I can drop it and move on with my life. I, I'm home for Thanksgiving and I'm having a lovely time with my family and friends. So it honestly doesn't really affect me at all anymore. What?",0.5,0.6,0.3
10072,2,"Um, when I saw my most recent chemistry read, I was very happy because I scored pretty high and, um, pretty well above the average about a 94. And so, like I saw the average person, I was, like, scared of what my grade would be, but it's in that. Right. So, I don't know, I guess my biggest emotion was like relieved. Um, yeah.",1,0.7,0.7
10072,3,"I'm still really disappointed in my grade that's not gonna change no matter how many times I do this. Um, what I got, I got, I got a 72. Um, so really bad, really pissed off about that. Um, yeah, that hasn't changed. Nothing's changed. Yeah. But.",-1,0.9,-0.9
10073,1,"I just woke up from a nap and two. Uh, um, so I was alone. Actually, my roommate was in the room. I was just sitting on bed in my bed and, and I was feeling pretty upset. I was not happy. I thought that I would do a lot better than I did. And, um, ok, but it was all right. You know, I was sad at first, I was sad at first but then I realized just gotta do better next time and that's it.",-1,0.7,-0.7
10073,2,"I was sitting in my bed when I saw the grade and I was thinking that I was kind of upset with what I got but, and then I, I decided that it's gonna be ok. Um, said to me finding some study order for the next one.",0.5,0.4,0.2
10073,4,"I was in my room with my friends and I was thinking that I didn't do very good. And, uh, that's it.",-1,0.4,-0.4
10075,1,"At this time I was in my apartment, I was really tired. I think I was sad. I think I was by myself. Um, I was really nervous. I thought I was going to get like AC RD. I was feeling like, kind of confident in that grade and then now I got way worse and I was really upset. Um, I felt really shameful and embarrassed and stupid and not good about myself at all. And I was thinking this sucks and this is horrible and I don't know what I'm gonna do from here and I was feeling really nervous for the rest of the semester and feeling very pessimistic.",-1,0.9,-0.9
10075,2,"I looked at my most recent chem exam grade when I was with one of my best friends. Ec, where were we? I'm trying to remember. I think we were at the mall. I think we were at Daylin at the mall. Yeah, we were, we were, we were at the mall on Sunday and I was like, I'm too scared. I can't look and so she looked at it and I was like, ok, I can't look at you like, don't give me a reaction. Like I'm just too scared and then I was really nervous and I was just like, did I do better? Did I do worse? Like I just hope I didn't do as badly spoiled or I did. But yeah, I was not feeling good. I went through like a whole mental process of like, what am I gonna do if this keeps happening? I thought I did better on this one. Like, I don't know how I'm doing so utterly horribly. So. Yeah, that's, that, that's the T",-1,0.9,-0.9
10076,2,"When I review my most recent chemistry exam, I was in my room. Um, we had, I had just came from class and I heard somebody in the class saying that they were able to review their exam in an hour. So I knew I would be getting the exam score in about an hour. I was in my room by myself sitting on my bed answering all of the um, the surveys and stuff from the, from the, um, thanks for your excuse me. Um, for this exam, I felt more ready to see my score. Whereas on the last one I didn't and didn't want to see it.",0,0,0
10077,2,"I was in my dorm room sitting on my bed and, um, I saw the message but I kind of already knew that I didn't do that. Great. So I wasn't nearly as upset as the last time. Um, I was pretty relaxed and kind of knew what to expect. So, wasn't really that upset, just a little bit disappointed but feeling motivated to study more for the next one.",0.5,0.4,0.2
10080,1,"When I was viewing my most recent chemistry exam grade, I was sitting in front of Dooley 110 and I was with a girl who I'm not really close with, but like, she hangs out with us once in a blue moon. Usually after our biology class, I don't remember if it was a Tuesday or I think it was a Tuesday. Um and it was about 3 35 3 40 PM, but it was that girl and then my roommate, so who's also like a really good friend of mine, she's an organic chem or Orgo. Um So like, she was kind of like just excited for me. And I told her like way before that I like, felt really good about the exam because I was really studied and I was like, really confident, walking in and walking out and I feel like confidence has played like a part in it too. But um I went in and I got really excited because I saw a big 76.4 and then like, in fine print, I saw that it was like, oh, this is an average and I got really scared that I did worse than the average, but I ended up opening it. I went through and I got a 77.7 or just like a 78. And I was really happy and like, she gave me a hug and she told me she was so proud of me. Um, and afterwards she went, she waited to go into her organic chemistry discussion just to view my grade with me. And it was like, it was really good.",1,0.8,0.8
10080,2,"So I think I got my last chemistry exam like last week, maybe Wednesday. Yeah, Wednesday last week and I had the biometric ring on because I partook partook part eight, partook in another part of the study. And so like I was kind of really conscious that like, ok, my chem exam is coming out like don't freak out like just relax like cause I'm trying to live by this whole mindset of like it's never that deep, it's not gonna kill me. And like after it's already happened, like what am I gonna do? Like whatever when it's done, it's done like I can't fix it from there. Um So I was alone, pretty sure I was in my room and I was sitting at my desk and I had my apple watch on. So I got the text message like, oh your chemistry exam score came out and I immediately looked at my heart rate and it went from 80 to 100 and something. Um I saw my grade, I got like a 52 so I failed it but I'm hoping that that's my drop because I'm hoping to do better on the rest of them. Um, but I was kind of ok, like I didn't really, I was like, that sucks. Like, I wish I did better but I knew I didn't do good to begin with. So I was like, I can't really be mad or upset and I just shrugged it off and I got Chipotle and I went out, I think I went home, like the next day and I, like, saw all my friends and I was super happy. So honestly, after it happened, it just like slipped my mind and even now, like talking about it, it's not really a big deal. I'm just kind of like, ok, like it happened, can't fix it.",0.5,0.4,0.2
10080,3,"I was so, so ok with it because I was like, I didn't do awful. Definitely. Could have, we could have done way better, but it was whatever I was hanging out with myself and I'm at work and I'm happy at work.",0.5,0.4,0.2
10082,2,"Um So I was in my dorm and I was with my roommate and I was like, right when the, it was about an hour after the scores were released and I was kind of just sitting on my bed and I was like, kind of nervous. So I made my, my roommate open my score and then she, and then I was like, I told her like, oh, I don't think I got a high grade. I think I got below the average. And then she was like, hy me up and then we revealed it. We got, I got within the score. I predicted I would get, I was kind of disappointed, but I kind of expected it because I didn't get to study as much because I had family things or family obligations. But other than that, that's just how I felt. I mean, I was also thinking like, fuck, I didn't really, I kind of wanted a higher score but I was thinking we can drop an exam and this can be the exam I can drop and I was just study more or work harder for the next exam.",0.5,0.6,0.3
10084,1,"I viewed my most recent chemistry exam right before my first year directions class. I was around no one, it was around 3:30 p.m. I was just getting ready for my class and then I saw the notification that it came out. So then I was like, ok, let me check. I was a little bit nervous at first, but then I was getting excited about it and then I saw my score and I was happy about it. And then I was like a little bit more motivated to study for the next exam which I have an hour lost even though the exams on Friday, but just need to lock it and start studying more.",1,0.6,0.6
10084,2,"Um I got my most recent chemistry exam. I think it was Wednesday. Um I don't remember who I was around, but I know I was studying at some point and I was gonna go into meetings. I had a few back to back meetings. Um and I was thinking like I was super scared about it. I thought I was going to fail this exam and this would have to be my drop grade. But then I opened it and I felt a lot better and it significantly improved my mood like I was stressed about it all day. And then originally I thought the test scores were coming on Tuesday because that's how it was the week before. So Tuesday, I was very anxious and then Wednesday, I kind of forgot about it half the day. And then once I remembered I was a little bit more stressed, but then I was fine once I checked it because I did better than I thought I would.",0.5,0.7,0.35
10084,3,"When I first saw my most recent chemistry exam, I was, I don't remember where I was, but I was really, um, kind of mixed emotions. I was glad that I got in 87 because I had expected that I got a lot worse. So kind of some relief. But I also, um, was kind of upset because in 87 is not a good grade for me if I want to get a a or an A plus in the class. So mixed emotions because I know I didn't study enough. I don't know if I'm like, starting to feel burnt out or something, but I'm sleeping a lot more and like just tired with all of the exams coming up. So I need to figure that out before the next one.",0.5,0.7,0.35
10084,4,"It was fine. I opened it right before I was going to go to one of my friend's dorms. Um, I just checked my score really quick and it was fine. I was happy with, well, actually, no, I was not happy with it at all, but then I realized that I had one drop and then I was fine with it. So as long as I had that job, it would make me feel better, but I felt awful about this course.",0.5,0.7,0.35
10085,4,"When I viewed my most recent chem exam score, I was in my genetics class sitting with one of my friends that I have most of my classes with. She was also viewing her chem score. So it was a little nerve wracking. Um I was, it, I was really tired and didn't wanna be in class. But after I viewed my C score, I felt ok because I did better than expected.",0.5,0.4,0.2
10086,1,"When I opened my chemistry exam grade, I, my immediate reaction was being disappointed but then I realized that it's just like the first exam and I'm getting used to the class and like how it's structured. And um once I saw like my actual test, I realized that the mistakes I made were just small. And for the next one, I definitely need two. Um pay attention more and maybe go back and check my work more than I did last time. Um But yeah, I was disappointed at first because I wanted an a on the first exam, but the score that I got was still good. So.",0.5,0.6,0.3
10086,2,"When I opened my uh chemistry exam score, I was at the swimming with my roommate. Um I was very excited to see my score because it was a really hard test, but I think I did pretty well and I ended up getting a higher grade than the first one. So I was very happy.",1,0.9,0.9
10087,1,"I was in my room, I opened it alone and um I think I was doing homework before, if not just eating and watching a youtube video or something. Um And then I opened it and saw my grade. I was not like entirely happy cause I thought, what did I get wrong? Like I thought I did pretty good on the exam and a 93 was kind of disappointing at that point. Um Given that I had, I was thinking I was gonna get 100. Um And then I just stopped thinking about it just like said, OK, I'll review these later. Um I guess when I got the exam and, and the actual answer sheet back. Um And that was it. I, I continue with my day as normal.",0.5,0.4,0.2
10087,2,"I was in a class um and taking another subject just studying, paying attention and the message I received the message. Now I went to um to check it out. Um When I saw my grade, I was happy, I was happy about it. Um I was alone so nobody else with me uh in that class that I was like uh that I showed my grade to you or something. Um And then I just opened it and, and I was happy about the results. Um just close it right away because I, I needed to pay to go back to paying attention. Um That was pretty much it honestly. Uh I didn't tell anyone I was just alone and then, I mean, felt happy about it. Um But then typically my life and probably for uh uh fill filled out a couple of services from this experiment.",1,0.5,0.5
10088,1,"I opened up my results while I was in my room with two of my friends. Um We were just studying for our biology exam the week um following and yeah, I was just opened it up. I was very excited. I told my friends and they were just like, very proud of me.",1,0.8,0.8
10088,3,"Um, I did not view my most recent chemistry exam because I didn't take this chemistry exam as I was observing a religious holiday.",0,0,0
10088,4,I was walking in between classes and that's when I opened up my phone and found out.,0,0,0
10089,1,"When I viewed my chemistry grade, it wasn't when everybody else got it. I got it early because I'm doing this study. I believe I was in my dorm room when I got the grade. And, um, uh, no, I think I was at the library actually, it was a week ago. So it's quite a while ago, but I was pretty upset when I saw it. Um, also the percentage where it shows you the average really had changed that because that was a huge jump scare. I thought I got 75 on the test, but I'm super upset with my 85. I pulled an all nighter for that test. I made a few careless mistakes that I shouldn't have made. I should have got at least a 95 and now I'm super stressed out about the entire class. So I'm literally doing chemistry right now as we speak. Um, it's definitely my hardest class. It needs to be easier for future years. Um, yeah.",-1,0.9,-0.9
10089,2,"I have no clue where I was when I um, did my most recent chemistry exam, but I remember being super upset about it. I studied so much for the test and then got a solid, like 65 I believe. So. That would definitely be my dropped exam. Um, and yeah, it was just horrible day, horrible timing, you know, not my, not my type of day.",-1,0.9,-0.9
10089,3,"I was walking to my next class, I believe it was my chem lab and I saw the grade, I was super happy with it and it was the grade that I was hoping I would get and was confident in getting. And I immediately called my mom to tell her the great news and now I'm currently in the library studying for the next exam.",1,0.9,0.9
10090,3,"So when I viewed my score, I was sitting in a parking lot, um, outside of Target, I was sitting in the Target parking lot. I opened it and I was really nervous because the previous exam I did not do very well, but I viewed the exam score and I saw that I did better on this one than I have on the last two. So I was actually, I was, I was happy that I did better upset that I still didn't get a, I got a 66 so it wasn't the best grade that I could have gotten. But I was happier that I did better than I had previously and this next one, hopefully I will do better than this one. So I was excited. Um I felt ok, I was upset but I was, I think I was more excited that I did well or not. Well, but better than the other ones. So I was with a friend actually. She's in the same class as well. Um I told her I did better. She was happy for me. We talked about it and yeah.",0.5,0.7,0.35
10091,1,"So the moment I viewed my chemistry grade, I was setting up for work as I work from home, I was scrolling through it and the first moment I opened it up, I thought I got a 78 but that was a class average. Then when I opened my actual grade, it didn't come up as a shock. It's what I expected after what happened recently, I wasn't really fit to take a test, but I still went through it. I wasn't around with anyone so I wasn't really sad or I, or like really disappointed as I knew how much went into that exam and how much I was going to get out of it. If my circumstances were better, I understood that I could have done better. But with my situation at the time, I understood what was gonna happen. So the moment I saw that I realized that I needed do better, even though I had an accident in which I could stand up from, to do better from. So, uh throughout these weeks, I was just working trying to catch up. So I'm more prepared for this upcoming exam.",0,0.3,0
10091,2,"When I first viewed my most recent chemistry grade, I was at home about to work. I was alone. I was just setting up my work computer and everything and just a few moments before I just, I came back from class and I was a little bit anxious in my grade. The first one was a fluke because I was in an accident. I was hoping that I was more prepared this time and I was more than last time and I noticed my grade bumped up twice as much as before, but it was still low being around. I wouldn't just like around the. No, it's not even above 50%. I was still shocked I could have done so much better, but it gave me a good hindsight on where I should be working toward what I'm missing up on and how I can prove on the last 3 to 4 exams. So I just took a deep breath. I knew it wasn't anything because there's other ways to bump on my grade. I didn't see withdrawing as an option and it's just something that it gave me a good idea of where I should be working. Toward and where I failed in aspects of the test. I was sad and disappointed like usual, but it gave me some motivation that I shouldn't be slacking around. Too much. Made me realize that what I've been doing hasn't been working for me. So I need to re evaluate how everything I am doing.",0.5,0.6,0.3
10091,3,"Not surprise what I expected pretty much. I just expected it. I knew what I was going into, what was gonna happen. I chose to take it instead of not go at all due to my physical mental state.",0,0,0
10092,1,"I don't remember where I was, but I remember it was mid afternoon and I had opened it and saw that I got a 95.7 and I had predicted that I was going to get a 95. And so I was very happy because I was very close to what I wanted to get. I was even actually higher than what I wanted to get. So I was feeling very, very good about myself. I was a little sad that I didn't get 100. But other than that I felt very good.",0.5,0.7,0.35
10092,2,"Um when I got my last chemistry grade, I was in my dorm room in my bed with um my friend mckenna was there too and I had thought that I was going to get about like an 80 an 80. I thought that I had got a couple questions wrong. And so I was expecting about an 80 I had um saw my test score and it was in 88 and I was very happy with it. I mean, it could have been better. I had a little bit of frustration because I should have done better. However, it was still a really good grade, especially because the average was a 69. So I was very, very, very content with it. And so I was happy.",0.5,0.7,0.35
10092,3,"When I was opening my chemistry grade, I was in my bed and I opened it and I saw that I got an 83 and I was very happy with that. I was kind of disappointed because it could have done better, but it's really ok because the average was like a 66. And so in 83 it was actually really good and it might even be my drop grade. So like I'm chilling.",0.5,0.6,0.3
10092,4,"When I got my chem test, I was in my dorm in my bed. Um I just woken up from a nap. I got a 73 which is not as good. And so I was a little bit upset and now after seeing how that grade happened, I'm still upset but it doesn't really matter because that's gonna be my drop grade. So I'm feeling very relaxed and honestly it's not even really on my mind. So.",0.5,0.4,0.2
10093,2,"I was walking down South Dixie Highway, um coming back from the bank by myself and um I was feeling quite productive with my day. Um So I was like, in a good mood and then I was kind of like anxious to open my result because um I don't want my moods to like go down based on like how it had gone. And I had thought that the second exam was a bit more difficult than the first exam. So I was like a bit nervous that, um, like I hadn't gotten in the nineties, which I wanted to get. Um, but then when I opened up and I had gone in the nineties, I was fine and my mood stayed pretty high.",0.5,0.6,0.3
10093,3,"Um, I was by myself in my room and I was a bit anxious because I knew it hadn't been my best and then had a brief moment of disappointment. But, yeah, it was fun.",0.5,0.6,0.3
10094,1,"Um when I opened my most recent chemistry exam grade, I was at my grandmother's house and I was having a snack and then what happened? It feels like a long time ago but I, so the notification from this thing and I thought maybe that was it and it said that it was like visible or whatever. So then I opened it and then it wasn't there for a minute. I don't know if it was, it was probably on me but I kept on trying again and again and I was getting more and more stressed out. Um but then eventually I saw it and I was by myself because I didn't want anybody to, you know, I don't know like if I do that, I don't want anybody to be there. So um yeah, and I was stressing and then I opened it and I don't know, I mean, I feel OK about my score. So I mean, I wasn't like ecstatic or anything but I think that it was because it said like at first, right, it was like, oh the average score was this and the New York score was this. So my score was like, pretty much the average score. So I was like, ok, well, like, that's not so bad so I felt relieved but not like, awesome, you know. Yeah.",0.5,0.4,0.2
10094,2,"Um the moment that I viewed my most recent chemistry exam score, I'm trying to remember. I don't know if I already did a video, not a video, a recording about it. Did I, it kind of, it seems like something that I honestly just don't remember. Um I've been like not keeping up with these. I'm sorry, I'm not really, I'm not talking about my my example. I I'm pretty sure I was like hanging out with my friend and we were like in the library and I just didn't say anything about checking my exam score. I mean, I, I remember being very anxious about it but I think that I just like didn't say anything because I didn't want to be like, oh my God, I failed it, you know, so I just um didn't say anything and then I looked, I think she went to the bathroom or something and then I found myself and then I looked and then I was like, oh, that was bad. And yeah, what else where I was, who I was with? Yeah, I, I think I was like studying in the library or maybe we were just hanging out but I'm pretty sure that I was, like, doing something productive and then I checked and then boom, that was it. I mean, it was, it's fine. I'm pretty sure that's what it is. I don't know, I don't think, I think it was like. Yeah. Yeah. Yeah. Yeah. Ok. Yeah.",-1,0.5,-0.5
10095,1,"Uh when I viewed my most recent chemistry exam grade, I was uh just walking out of a chemistry workshop at the Cock Science Center. And when I looked at it, uh I was uh pleased with my grade because it was above the substantially above the class average though I was surprised by uh how low it was because I really only thought I got one question wrong, uh which would have put me at a higher grade instead I got two wrong. And so that was a little bit surprising. But overall I was pretty happy that about what I got and I was excited to see uh the uh other exam grades for other tests that I took the same, that same week. So I was happy with my grade and I wanna, I was, uh ready to see the grades that I got in other classes because it kind of gives me a good feeling to see that uh hard work pays off for that. My studying results in a good score which uh contributes to a better future for myself and a better average.",0.5,0.6,0.3
10095,2,"When I first viewed my most recent chemistry grade. Uh I was sitting at my computer and at my desk in my room, uh, completing other work. And then I got the notification that my grade, uh was out. And so I entered my stuff, I got the text message about my grade and I was happy about my grade because I thought I was going to be well below uh at least 85 but I got a 86. So I was pretty pleased with that. I know that, uh, I was probably given some leeway on some of the questions due to the test, still faculty, but that's reasonable. And it makes sense to do that. And, uh, compared to the class average, I think I did really well, not as well as I hoped to do on most tests, but I think I did relatively well and I was pretty pleased with my grade. Oh.",1,0.6,0.6
10096,1,"When I opened my chemistry exam, I was alone in my dorm doing my homework and I was thinking about the exam and I was worried I get my score back. But after I got my score, I was happy.",0.5,0.6,0.3
10096,2,I viewed my chemistry exam in the gym when I was with my roommate and I was walking on the treadmill and I was thinking about what I was gonna get on my test.,0,0,0
10096,3,"When I viewed my most recent chemistry exam, I was in my dorm room and I was alone. I was thinking I was nervous to see my score and was kind of scared too, but just wanted to get it over with.",-1,0.5,-0.5
10097,1,"When I viewed my recent chemistry exam, I was in the elevator with my roommate Viviana. It was at 330 and I was on my way back up to my room. I was feeling upset because I saw the class average and I thought it was my score and I realized that I got below the class average and that was not my score. I felt really stressed out and anxious and upset. But after a little bit, I started to calm down and use it as motivation and feel more hopeful and content.",0.5,0.7,0.35
10097,2,"Or this, I was walking back from my bio class when I received my chemistry grade, I was walking past the library and I remember opening it, I was alone and I was really upset with my score. Um I was really unhappy and I was really stressed and angry. Uh The first thing I did was call my mom and she talked me down. Um I was feeling not great, but I recovered after.",-1,0.9,-0.9
10097,3,I opened my exam in my dorm room and I was alone. Um I was coming back from class and I was really upset and disappointed to look at my score. I felt really discouraged and I felt like all my work had been for nothing because I studied so hard and did so bad in the future. I'm going to try and get my grade up. I was not feeling good and I felt very depressed and sad.,-1,0.9,-0.9
10097,4,"When I opened my most recent chemistry exam, I was in my dorm with my roommate. Um, before I opened this exam, I was looking over some of my calculus homework, preparing for my exam the same day. And I felt really relieved when I saw my score because I have never hit the average score. And this time I actually passed it and got higher than all of my friends in the class. Um It made me feel really happy because I realized that my efforts were finally showing some progress and overall, I would say that now I feel a lot more confident in my capabilities and I feel a lot more secure in my chemistry course.",1,0.9,0.9
10098,1,"The moment I received my exam grade, I felt very scared. I was very anxious about what I was gonna get, but I was excited with my results. Now, for this next exam, I definitely have to study more for it. I feel like we haven't had enough time to cover everything that's gonna be on the exam. Like they're still teaching right now and we have the exam on Thursday, I mean, on Friday and they're still going to be teaching even on Thursday. So I'm like, I don't have like one day to hold, to learn a whole new. So.",0.5,0.7,0.35
10098,3,"My most recent chemistry day was what I was expecting. Well, it was because I didn't feel like I did good but I'm not happy with it. I definitely have to do that on the next two. I.",-1,0.5,-0.5
10099,1,"I was outside my lab just so that's like 330 I guess. Uh, I was just with people in my lab. I was just sitting there, uh, was feeling fine, normal. A little nervous looking at the test score and then I saw it was kind of disappointed because I thought I did a little better. But yeah, I was happy with it overall. Yeah.",0.5,0.4,0.2
10099,3,"Um I was by myself, so ok, I wasn't too excited about the exam, obviously looking at the score compared to my other ones, but it was still above the average, which is good but still a little disappointed. Um yeah, that one wasn't the best for me but uh didn't take it that harshly just makes you wanna do better on the next one. So yeah.",0.5,0.4,0.2
10099,4,"I was in my room when I saw my chemistry grade and I was alone, uh, I was just on my phone and, uh, I was pretty happy because it was above average and I did pretty good. So, yeah.",1,0.6,0.6
10101,1,"Um, I just finished practice a lift and I was in the, um, athletic study hall and I was with my roommate and slash teammate. And so we were both looking at my grade. I was really nervous but I thought I did well. So I felt pretty confident. Um, I was just kind of hoping I wasn't proven wrong. Um, I ended up getting a 90 but also, um, there's a mistake in my grading on my test. So I got above that because they were something wrong. I was right and I need to get that fixed. But, um, I mean, I was pretty happy with my grade. Um, I wanna go over like what I got wrong. I'm kind of a little confused but I'm definitely not mad. I'm happy about it. So I'm really stressed about this next one because I feel like there's a lot of material. So I'm gonna go study, which is a lot with R.",0.5,0.6,0.3
10101,2,"Um I got my chemistry grade, I think I was sitting in my room and I remember opening it. Well, first I opened the class average which was something my heart dropped. I was like, no way I got the score. I was in pure panic then opened, my score was like an 85 or something, but it was really upsetting because I definitely thought it did work better. But um I was like, ok, this is a hard task. I know I made mistakes too that I shouldn't have made. But the next one I got some tutors so I'm gonna be working hard to do it. Um I was with no one. I think I told my mom about my test score and she was not very proud of me. So it just made it worse. Um But I was not happy with my score. To be honest, I'm used to getting like A's and I was struggling to do that for a little while, but I'm getting back on track.",-1,0.7,-0.7
10102,1,"Um, where was I, I think I was in bed watching Chainsaw Man. Uh, I think it was like, not even that long after I also didn't check my grades. So there's also that I just kind of finished the things so I can get, like, account for my survey stuff. Um, I wasn't with anyone. I wasn't, I was watching a show. Um, I, I think you're feeling but I don't know, I didn't think I cared enough, which is why I didn't check. Um, that's all.",0,0,0
10103,1,"Um, I was nervous since I didn't know how I did and then I was surprised that I did. Well.",0.5,0.6,0.3
10103,2,"I was by myself when I opened my chemistry exam grade and I was really shocked that I got that grade and it, like, I was really anxious before since I didn't think I did that well. And.",-1,0.7,-0.7
10103,3,I was with my friend and we were like touring apartments and I knew I didn't do too well on the exam. So I wasn't surprised when I saw my grade and I was just excited that I did above the average.,0.5,0.6,0.3
10104,1,"I was walking back from my genetics class. I was alone. I was pretty happy with it. I was, uh, I told my mom right away and I felt pretty good about the grade. So, and I thought that the average was pretty low in comparison to my grades. I was happy with it.",1,0.5,0.5
10104,3,"I was at Starbucks studying for math quiz, I think, for a math test. And, uh, I stepped out because I got the notification that the, I'd received the grade and I was alone and, um, I saw it and I wasn't very happy, but then I just went back in and sat down and continued working and I texted my mom.",-1,0.3,-0.3
10104,4,"Um, I think I was in my dorm when I saw my grade and I was anticipating it because I got a survey before and I was excited to see it and I was pretty happy with the result of it. Um, I got a, I think I got a 90 which was pretty good and I think it puts me on track to get a good grade in the class.",1,0.7,0.7
10105,1,"I viewed it Friday and, oh, wait, I don't remember what day it was. Um, I know I was outside and I was walking with my friend and I was walking back from class and I remember thinking, um, that is the grade that I started to get and I remember being happy. But then after that I remember I had to focus on my new exam that was coming up. So it was a good feeling. But, yeah, that's it.",0.5,0.4,0.2
10105,2,I was in my apartment and I remember checking my grade and not being happy with it. I was upset with myself and I remember trying to think about the next test in the future and knowing that I wanted to do better than I did before and that I would study better and study harder because I did not feel good when I received my grade and I want that to improve.,-1,0.7,-0.7
10105,4,Um I don't really remember where I was but I remember being fine. Um still not the best score but whatever.,0,0.3,0
10106,2,"So when I found out my most recent chemistry exam grade, I was actually on my way home from my last class and, um, I was not too nervous. Um, I had checked my exam grade, um, like my exam paper since they let us take the exams home with us. I went ahead and checked it online with like chat Q BT and compared my answers with my friends and stuff. So I knew for sure that I had gotten one of the questions wrong, but I was pretty sure I'd gotten all the other ones. And so when my grade came out, I wasn't surprised since it was what I had, um, predicted. Uh, I wasn't too excited or, you know, I wasn't upset. I was by myself. Um, I was on my way home from class. Mm. After finding out my grade, I felt pretty satisfied the fact that I was, um, well prepared and also that I could, like, guess my grade properly. So it, you know, gave me more confidence that I could do the same for future tests so that I would be able to know my results, like, roughly more or less my results were uh pretty quickly. So that helped me with any anxiety based on knowing my grade. But yeah.",1,0.4,0.4
10109,2,"Ok. So when I checked my grade, I was by myself in my room and I clicked it and I saw my grade and I'm not gonna lie. I thought I did. We low key because I didn't even get to finish again. And I just felt like this hard, this exam was harder than the last exam. So I was kind of surprised that I got around the same exact grade from the first one. But yeah, I mean, obviously I wasn't happy with it but I wasn't, like, totally upset. Um, and yeah, that's really it.",0.5,0.4,0.2
10110,3,"Last time I viewed my most recent chemistry grade. Um I was in my room um waiting to open up the study to see what it was and I was pretty confident I had over 90 on it, but I actually got a lower than expected score. Um It was a little bit stressful, actually extremely stressful cause I feel like everything relies on the chemistry test grades and overall I ended up being happy with the results, but not as happy and not as pleased as I could have been.",0.5,0.7,0.35
10110,4,"When I got my most recent chemistry exam grade, I was thrilled. I was in my room sitting at my desk. Um, I believe it was around four pm, 430 pm. Um, I was with my roommate and my suite mate and I was just doing other work at the time and when I opened it up, um, I was definitely like, feeling nervous about what it might be like. I feel like I did really well on the test and I feel like I like kind of like knocked it out of the park and then when I went to see it, like everything was confirmed, I felt like everything paid off because I ended up getting 100 on it. So, uh, it was definitely like a large, like a big relief and it felt really good to see.",1,0.9,0.9
10111,1,"Um, I was basically in my room and I had, um, my phone in my hand and I saw the notification and I was like, oh, my grade is out. And so I pulled up my computer and I went and, um, click on the link to go see the grade I guest, whatever a grade I thought I was gonna get. And I guess like 8485. And, um, I saw the grade and I was 83 very much close to what I guessed. And my guess was basically like being reasonable. What I wanted was something close to 1993. I was a little bit disappointed. I mean, I was a little bit proud of myself for guessing the number correctly, but I was also a little bit disappointed because the questions that were on the test were not really similar to the same questions that we practice or on like the assignment and the homework. And so I just felt like it was dishonest in some way. I feel like, you know, if, if the level of like the questions on a test is gonna be in a certain way, the questions that are taught in the class should be if not the same, very close to being similar. And I just feel like it really wasn't. And I still generally do believe there are certain things that I just like think is stupid to learn and memorize, just like memorizing conversion factors. I just feel like that's just so stupid for someone to memorize. And it's such a miniscule part when it comes to stem that. It's like, why are we making the students and learn this in the first place? And why are we making not even learn? Why are we making the students memorize this? It just basically makes me a little bit mad and it's just like such a stupid part of the test um to cause the student lose great. And I feel like it basically takes away the purpose of like someone taking a stem course which invites them to be creative and you know, um use critical thinking to basically use memory. And after I saw the grade, I was a little bit disappointed but did not really care. It is what it is. Um I'll probably study and do um a little bit harder questions for the next test. And I feel like I have a new set of expectations on what the questions are gonna look like. That's how I felt.",0.5,0.6,0.3
10111,3,"Uh, when I saw my grade, I was, um, I was sitting, I was sitting down and I was getting Hanna done on my hand because there was a table in front of the school library and they were doing a fundraiser and um I said you would donate the money and then they would draw, you know, patterns in their hands. So I was getting that and then I saw the notification that my group was released. And so I opened it and I got, and I got really scared at the very beginning because I was not the school, the class that because of the stuff. And for a second, I thought that was my grade. But then, um I went through and then I came up through it, which was in 93. I was really happy overcoming that who?",0.5,0.7,0.35
10112,2,"The moment I saw my last C exam, I was relieved because I did a lot of studying and preparation for this exam and I needed an a so I can feel comfortable about the grade, my final grade in the future. I was in my dorm, but I started getting anxious because we all kept some reminders that it was coming. And also my friend who's also a part of the study texted me telling me scores are out before they were for me. So there is a lot of outside pressure that contributed to my anxiety. I was doing homework, I think, but I couldn't finish the homework because all I could think about was my score. I wanted to, I wanted to look at my score after I finished my homework just in case it was bad. So it didn't ruin my mood, but I could not focus on what I was doing. So I checked my score but it was good. So all was well.",0.5,0.7,0.35
10112,3,"Um I don't remember a lot of the details but I know I was with my friend when I checked my exam, I think, and I was anxious before I checked it as always. And then when I checked it, I was, I didn't, I don't know, I wasn't relieved. I wasn't, I didn't really feel anything specific. I was kind of just like, ok, because I got a lower score, but it was also what I had anticipated. So it wasn't a pleasant, it wasn't surprise at all actually. Um Well, kind of, it was slightly pleasant because I thought I was gonna get an 80 but I got an 85 point something. Um and I probably was just watching videos because I typically can't do anything else when the score, when I'm anticipating the score coming out since I get anxious.",0.5,0.4,0.2
10112,4,"Girl. I don't know. That was so long ago. I think I was relieved to have seen it cause I was anxious when I'm anticipating something and it was my lowest score but it was way higher than I thought I would have gotten. So that was good. Um Where was I, I think I was in my room. I usually check my exams in my room and I was with my roommate when we both check scores at the same time because we're both in chem. And after I checked my score, I was calm a little happy because I really was expecting the worst. But I passed by the grace of God. And what was I thinking? I was thinking that I need to get an a in the finals so I can replace the score. And that's about all I remember.",0.5,0.6,0.3
10113,3,"I believe I was getting ready for practice because I remember doing one of these audio groups in practice. Besides that, I don't actually remember the exact way of my chem grade. Um That was weird. And then, so I was at home um who I was with, I think I was by myself. But then after breakfast I was the routine. What I was doing, I was probably making dinner before you, what you were thinking or feeling. I was feeling like dang, like ouch. Um But then I also like, was thinking that it doesn't particularly matter because I didn't study for that one because I was sick and missed most of the classes because I was very ill and I didn't remember that I was gonna be on the exam because I was stupid. I guess. So, the main thought was I will do better next time. And that's ok and then it's o'clock. So that's how mas, how does it feel? I feel great today. Is that ok?",0.5,0.6,0.3
10114,1,,0,0,0
10114,4,"I was in a zoom meeting and I was waiting for my grade. I saw my grade at first I was a little bit disappointed because I thought I did better. But then on Friday, when I checked, like, which questions I got wrong, I was like, ok with it. I mean, it was only like two multiple choice ones. So I'm like, ok and relax now, I'm not stressed anymore and just wishing to have a good grade on the final.",0.5,0.4,0.2
10115,1,,0,0,0
10115,2,"When I first viewed my test grade, I was really upset because I just, like, I already knew I had to drop my first score because I just didn't do well. And to see that I did even worse this time was really upsetting because I won't be able to pass the class with a high enough score, especially for the amount of work I'm putting in. It just made me really upset and sad and it just made me feel like all this work I've been doing has been kind of pointless because I've been sacrificing a lot of my personal life just to keep up with this class. But, um, I was in my math class when I got the email. So I just went to the bathroom to check it because I couldn't not check it knowing that it was out. I had to look at it and um, buy like to take a second for myself in the bathroom before I went into my math class. But I definitely looked noticeably upset, especially when people did the typical what you get, what you get and hearing that they all did so much better than me. Just really hurt. It just made me really upset.",-1,0.9,-0.9
10115,3,,0,0,0
10115,4,"I think I was in my room when I got the email or text that I got my score back. It's really disappointed because I've never been below average. And also I feel like this is one of the exams that it was easy to guess which questions could be asked at least for the long answer. And I know I messed that up. N was practicing so much. But now it's just really upsetting because I have to drop this one when I really couldn't. I was, I'm going to drop my 01 of my other ones and now I have to score really high and I just, I don't even know what I need to get because to keep at least a B minus or higher because blackboard doesn't show us and it's really hard to calculate. So just really annoying. But yeah.",-1,0.9,-0.9
10116,1,"So I was in my first year directions class. I got the text saying, oh, you know, do the survey, review, whatever to see your chemistry grade. Uh This was must have been last week, Tuesday. So I did the survey as I'm leaving the class and then I saw my grade. Um I was walking to my car and I saw the grade and thankfully I didn't, I wasn't disappointed with my grade. I like if it was lower than I probably would have been a bit disappointed, but I wasn't too, too mad with my grade. And yeah, I was just walking uh to my car by myself cause I don't know anybody in my first year directions class. And then soon after that I did the, the audio recording survey for this. And yeah, that's basically.",0,0.3,0
10116,2,"The moment I viewed my most recent chemistry exam score, I was not surprised by the score. I was glad that I got, you know, high enough from what my standards or my expectations were. Um And like any other moment where I've seen my grade, um it's like an instant sense of relief because I don't have to worry about the, you know, the anxiety or the stress of having to wait for the score to come out.",1,0.5,0.5
10116,3,"When I saw interesting chemistry exam score, I was in the car heading home uh going home from school and I think I was just about to get into the driveway of my house and I got the text. So I was still like in the car performing or putting out the information and to see my score. And I was already knowing that the test score wasn't going to be as good as I thought cause the material on the test was not what I was expecting. At least the the way the questions were formatted. So I wasn't too surprised but yeah, I mean I don't, I don't use like I don't really let the scores I get on the test like hover over my head for a long time. So I went away quite quickly.",0,0.2,0
10116,4,"So when I viewed my most recent chemistry exam grade, I was, I believe in the car about to leave school after my camp discussion class had ended. Um So it had to be a Wednesday. I was in the car by myself and then I got the, the text message to view the results. Um So I, you know, put my book bag in the back cause I just got in the car and I was thinking that I did a bit better on this exam since, you know, I had answered all the written questions. Like I had answered all the questions like pretty confidently apart from like one or two. And then yes, I was expecting like to be above whatever the average was for the class. And then when I saw it, I was a bit disappointed because it was not what I wanted my grade to be, but like every other exam grade, I kind of just it annoyed me for, for a while, but I finally got over it and yeah, just thought about the next exam.",-1,0.5,-0.5
10117,1,"I was just by myself. I was actually studying for another final and um yeah, so I was just by myself. It was kind of in the afternoon. Um I was super, super excited when I saw it. Like, I definitely like um that was definitely like higher than what I thought I was gonna get. Um And it was definitely like a goal right of mine. So I was super, super excited.",1,0.9,0.9
10117,2,"Um I was by myself and I can't remember what I was doing but I was definitely like super, super happy. Um It was higher than I thought it was gonna be. So that was good and yeah. No, I was alone now. Um but yeah.",1,0.9,0.9
10117,3,"Um, I remember I was in the gym just by myself. Um, I definitely was a little bit shocked. I think, I wish that I had done just a little bit better. Um, but it wasn't terrible. I mean, I was like alone. Um, and, uh, yeah, I mean, I remember thinking that I did a little bit better than, you know, what my test score was. But I think it was actually ok. I mean, I feel like I'm pretty ready for the next one.",0.5,0.4,0.2
10117,4,"Um, so I was about to the gym just in my dorm. Um, I remember being a little bit disappointed but I actually thought that it was ok. Um, it was like the end of the world. I thought I could have done a little bit better, but it's ok. Um, but yeah, and then I went to the gym and then I went to dinner with my friends. So I think, um, I don't know, I mean, it didn't, like, affect the rest of my day or anything. It was totally fine.",0,0.3,0
10118,2,"I can, I was kind of disappointed, like I wish I had done better, but I think that was the best I could do given my circumstances.",0.5,0.4,0.2
10118,4,"Um, I was just like, laying in bed, like I had just been like, waiting and my roommate was asleep. So I told her and like, she didn't remember it. So I had to tell her again. But I was like, I was with my roommate, I was with my roommate's friends. I was just in bed. Um, I was like, I don't know, I was hoping for a 90 I got an 87.5. So, like, that's pretty close. But I, I'm all right. I don't know. I think it's fine.",0,0.3,0
10119,2,"When I saw my grade, I was in my room doing homework. Um, and yeah, I was pretty excited about it because I thought I was gonna do way worse. Um, yeah, that, that's pretty much it.",1,0.7,0.7
10120,2,"Um when I opened my most recent chem exam grade, I was sitting outside of Cox's the Science building and I was just waiting for my next class. Um I was just by myself. I was talking to my friend beforehand. Um and yeah, I mean when I opened it I felt a little disappointed but that's ok. It happens. Um it's just an exam and we get one drop and also I didn't even do that bad, so it's all good.",0.5,0.4,0.2
10120,3,"Ok. So the moment I opened my chem exam I was about to go to um, I think my bio workshop and I opened it and then I saw, then I got a 96 and then I was pretty happy and that was pretty much that. Then I went on with my dad and had my bio workshop. Hi. Um, I just saw my friends. Oh, wait, is it still going? Oh, yeah, it is. Um, anyways, I'm on my way to writing now. Pretty boring but whatever. Ok. Bye.",0.5,0.4,0.2
10120,4,And so.,0,0,0
10121,1,"Um, I remember receiving my final grade and being relieved that it was a 91. I thought I'd do way worse.",1,0.7,0.7
10121,2,"Um when I viewed my most recent chem chemistry exam grade. Um I was honestly surprised I got an 89 but I was aiming for a higher grade. So I'm still kind of upset that I got an 89. Um I messed up on like some of the easy conceptual questions at the start and I think if I had more time to think about it, I wouldn't have got those questions wrong, but I was kind of rushing because I didn't think I had enough time to finish.",0.5,0.6,0.3
10121,3,"Um The moment I viewed my most recent chemistry exam grade was when I was at the library and I was feeling super nervous before I checked my grade. But after I saw it, saw it, I was pretty satisfied with what I achieved. Um I, I don't think I was with around anybody at the time. I think I was in the stacks studying.",1,0.5,0.5
10121,4,"So I got a 90 on the most recent chemistry exam. And even though I am happy it's a good grade, I wish I could have done better and seeing that I missed a question. That was like an easy question. Um I just didn't read it carefully. It was a question that's like sort oxidation value from lowest to highest. And I had sorted from lowest to highest on the paper like I did the work for it, but the answer I put was highest to lowest. So I just didn't like read it correctly even though I had ordered it right? And I was super distraught that I had missed that question. So seeing my 90 could have possibly been like a 95. I was like super super s mad about that after cuz it was just like one, one line of text that I could have read then that would have changed my 90 to a 95 and I had misread the question. So it's really frustrating that I had missed a question on like an easy concept instead of like a complex concept. Like one of the harder questions I actually got all of the hard questions. Right. And I just didn't read carefully and I think next time I'm going to, even if I am confident, confident before turning it in, I'm gonna double check everything to make sure everything is right.",0.5,0.7,0.35
10122,1,"Um, so when I viewed my grade, I was, I just got back from Fyd. Um I like, got the text that I found out or that like, I could find what my grade was when I was in class. Um So I was like kind of nervous like the whole time I was in class and like waiting for it to be over and then I walked back to my dorm because I knew I was gonna have to like talk um, after I viewed it and then, um, so I waited until I got back and then when I got back, I opened it and I saw like the 76 pop up and I was like, really nervous and like my heart started beating because I thought that was like migraine. Um, but it was the class average which didn't really make me feel that great. Um And I was like by myself when I opened it and um, so I was nervous and then, um my grade popped up and I got 100. So then like, it was kind of just like instant relief and I felt like so much better. Um And uh, yeah, so then, like, kind of all my stress is gone, like, after that. But yeah, definitely. Like when I open an exam grade, like, it causes a lot of anxiety, like the build up before. But I mean, doing good, like, it kind of just instantly goes away like after and it's like, relief that I don't have to worry about it anymore.",0.5,0.7,0.35
10123,1,"So when I first viewed my chemistry grade, I was walking to my dorm room and I was alone. So I wasn't with anyone. What I was doing. I was walking back to my dorm after class. I was getting ready to shower and go get food when I first opened it. And so the average was a 75 around that. I was shocked because I've heard that the average of the tests are usually really low for the first test. And then when I saw my grading, I was not pleased with it and I felt like I could have done better. I should have done better because I made a lot of careless mistakes. I was annoyed with how much I studied and how I put so much hard work into it and I didn't get a right. I",-1,0.7,-0.7
10123,2,"I was expecting to get a better grade than I did. But at the same time I'm above the average. So I'm happy, all I really care about is getting an a in class. So I don't really remember where I was when I opened it, but I know I was thinking that I hope I got to high grade. So I am in the class.",0.5,0.4,0.2
10123,3,"I was in my dorm room when I opened up the house, I was very, I was alone in my dorm room when I opened it. It was probably like 10 minutes after my test got released from the survey. I was very upset when I saw my grade because I worked really hard and I made so many dumb mistakes. Like I knew the information very well. But I was just like, for some reason, I couldn't get it from my head to the paper.",-1,0.9,-0.9
10123,4,"I did not take the last chemistry exam, so there's no g.",0,0,0
10124,1,"When I opened my chemistry exam score, I was studying in the library for my biology exam with my boyfriend. And I was thinking that I was really scared but I felt fine about it because I think I definitely could have studied more, but I was still really scared cause it's the first chemistry test and I heard that a lot of people fail it. But when I opened it up, I was kind of disappointed because I thought I did better. But I still don't think I should be complaining about the score that I got.",0.5,0.6,0.3
10124,2,"When I opened my most recent chemistry grade, I had just finished eating at the dining hall because I didn't wanna look at it before. So I waited like a few hours and I was just with my friends sitting out on the table and I opened it and I was really happy about it cause I really thought that I did bad on it.",1,0.8,0.8
10124,4,I had just gotten done with something for chemistry and I was with my friend Laura in my room and that's when I opened it and I was pretty disappointed about it cause I thought I did way better and a lot of other people did pretty good. So I was pretty disappointed.,-1,0.7,-0.7
10125,1,"Um I was walking back from the UPS store is where I was. Um, it was like right when I got the text I opened it. Um I was alone. Um I was pretty happy, I wasn't like too happy or I wasn't upset. Um I remember I thought that the average though was my grade so that kind of scared me but it was all good.",0.5,0.4,0.2
10126,2,"I viewed my most recent chemic figure it in my computer science lecture and same as last time. And I was not surprised in the slightest, I had taken the exam sheet home like we're allowed to and looked at everything that I could have possibly gotten wrong, everything that I'd gotten right and was really not shocked by any of it. When my score came out. I felt like I had a pretty good prediction of where I placed.",0,0,0
10126,4,"Um, truth be told since they released our chemistry exam grade about a week ago. I don't really remember where I was or who I was with when I saw it. Um, but I can tell you right now, spirits are high. You know, we're not really thinking about chemistry much at all. Uh, really happy to be at home, hanging out with some of my university, Cincinnati Brethren. Um, in good spirits. Uh, academics aren't really on the mind at the moment. It's good to get away from that. Uh So, yeah, overall been in really great moods.",1,0.8,0.8
10127,1,"The moment I got my chemistry score, I don't remember where I was, but I do believe I was studying for another test or maybe even chemistry. And, um, I was alone and I was excited to see my score, but I was also just so busy studying for other things that I don't think I was really paying much attention to it. And when I opened my grade, I was disappointed that I got a 90. A little relieved that I got at least an A but I was disappointed that I got a 90 because I thought I did everything well. And then when I ended up actually seeing my test, I realized that all of my marked answers were just all the ones I got wrong were just silly mistakes, which made me feel a little bit worse, but I'm still upset that I got the score. I did.",-1,0.7,-0.7
10127,2,"When I got the text that my chemistry grade was released, I had just gotten out of the shower and I was on facetime with my boyfriend. I was in a really good mood beforehand. And before I opened the grade, I was kind of trying to relax myself and I was talking to my boyfriend and I was telling him like, no matter what it's gonna be ok, I know that hopefully I at least got an 80. So I mean, at least the 70. So I was kind of pre paving my experience so that I wouldn't be upset if I didn't get the grade that I wanted. And um when I did get the grade because of the pre paving, I actually got an 80 which is what I expected to get a minimum of. So the fact that my boyfriend was there also helped me keep my cool and I just kind of was ok with it. I wasn't upset. I wasn't jumping for joy, but I was happy that I got an 80 I was pretty content with the grade. Although I knew that I could have done better and I wanted to, I was anxious to see like the actual test. Um, but other than that I was pretty calm, pretty ok with what I got and didn't really dwell on it much.",0.5,0.4,0.2
10127,3,"When I got the notification that my score was in, I was sitting by my desk in my room doing some other class homework and I was not in a good mood because my boyfriend and I had just gotten into a fight and I was really nervous to open the score. And when I saw the average was around a 60 something, I got scared, but then I saw my score and it made me feel a little happy but because I was upset before I saw my score, I feel like it kind of numbed the effects of me getting a good score that I would otherwise be jumping up and down for.",0.5,0.6,0.3
10127,4,"I was with my boyfriend and, um, uh, we were just on facetime and I was doing some other homework when I got the notification that I was gonna get the test. But I was already, I already knew I wasn't gonna do well and I was gonna drop the grade so I wasn't really anxious or anything. I got pretty much what I expected. Um, and I just kind of really quickly moved past it because it didn't matter since I was gonna drop the exam.",0,0.2,0
10129,1,"I was, when I first saw my grade, I was in my room talking to my mom and talking to my friends. They um I was more nervous. I feel like seeing the stuff of like two hours until your grade, like one hour, blah, blah. And then I was just talking to my mom about like feeling stressed out about chemistry when I got the notification that my grade is ready to view. And I also have my two friends in my room. So I opened it and I thought the class average was my grade. So I was very happy to see it. And then like, I was, I felt a bit disappointed when I saw my actual grade, but like, I didn't feel so bad in the sense that I was with the class average and my grade is like easy to get up. You know, it's not like a grade that where I felt that there was no way of coming back from that. I was like this, this is uh perfect and like, I'm gonna continue studying and I'm gonna get ready for the next one.",0.5,0.6,0.3
10129,2,"I was in my room when I got my exam grade and, um, I was by myself in the room and I thought the, the test was, was very hard and I don't know, it was very disappointing to see that grade. I decided to talk with the teacher to see what I can do to be better and everything. So that helped a lot because I thought that after I saw my grade, I really thought that there was no way that I can, like, grow up from this. But right now I'm just focusing on what's ahead and the next test that's coming up in two weeks, 23 weeks. Um, but yeah, it, it wasn't a fun experience.",-1,0.7,-0.7
10129,4,"Uh, when I viewed my exam grade, I was, I really can't remember. I wasn't in my room and I mean, I'm walking. Oh, no. Ok. Wait, I remember. So when I viewed my grade, I was taking a nap previously and then I woke up and received the message from your team. So I opened it and saw my grade and I don't know, maybe it was just because I was like, in a nap and like, I forgot about it, but I didn't really feel any sense of like, worry more. I felt more like defeat because it was like, just bad grade after bad grade, after bad grade. It's like, and I study so much I feel like, but I don't know, it's just a sense of defeat I feel. But yeah. Um, now she's studying four, like for the next test in the final. Hopefully it'll be good because I can't really risk any more bad girls.",-1,0.7,-0.7
10130,2,"Ok. So I was probably the most disappointed with this grade. I, the first test grade I got like an 82 and that was kind of disappointing. So to go from an 82 to 53.5 was, um, it wasn't a great moment for me and I was in my room alone because I just needed to be alone. Like I knew that I knew that beforehand and it was, um, it was kind of surreal. I just genuinely have never done that badly on a test in my life. And um, I was just sitting down looking and I was like, I had been waiting beforehand because I just knew that it was coming out at that time. And I really want to prepare myself because I knew that it was a grade. I knew beforehand that it was a grade that I was not going to be pleased with. I think I knew that studying for the test beforehand, that I was not prepared and I had not done well enough to prepare throughout the entire unit or the course load of material. I didn't keep up with understanding it. So I think that when it came to the time of taking the test, I understood that it was not going to be a score. I wanted overall, I would say that I'm gonna grow from this and use it to like build myself. I think that everyone needs to hit rock bottom in a certain way. And that's trying, that's probably the way I'm trying to rationalize it right now because if I don't, I think it will make me very, very upset and I do not want to use it to degrade myself and I want to use it to build myself. So, thank you.",0.5,0.7,0.35
10130,3,"Um the moment that I opened my chem exam, I was just sitting in my room waiting for it to come out because I wanted to open up in privacy. My roommate was here with me when I opened it. Um it was, I think right when it came out at like four o'clock or 430 whatever time it came out. And um I was honestly, I was not happy with the score, but I was feeling relieved considering the fact that the average was pretty low in my opinion. And I also thought I also was expecting a much worse score. So I was it was not, I I was I was expecting this type of score or not, this type of score, but a lower one. So I was not upset about my most recent score.",0.5,0.4,0.2
10130,4,"Um, when I viewed my most recent chemistry grade, I was in my room and I opened it and it was a very, I failed the test and I was alone from what I remember, but I cannot remember if my roommate was by chance in the room. I think she was and I opened it and I was before that I was doing work and then I opened it and it definitely hampered my mood and definitely changed my attention span and made me a little bit more anxious.",-1,0.7,-0.7
10131,1,"So I was actually in the bathroom. Uh when I pulled it out, I saw that it came out um while I was in my chemistry discussion, but I didn't actually check it until I was in the bathroom because I knew everybody in that class was in chem and I didn't want people to be nosy and looking at my scores. Um So yeah, I was alone obviously and when I finally looked at it, I was pretty happy like, you know, I got like a high a um especially compared to like the average was ac but I was also worried like, can I keep it up? Like can I maintain this score, you know?",0.5,0.6,0.3
10131,2,"Ok. So basically when I saw my first um the grade to the second count exam, I was actually in the bathroom in the library again, like, because it comes out, like, right after my discussion and I don't want other people to be around and see it because people are nosy and I was like, definitely, like, ok with it, especially since, like, I had freaked out during the exam. Like, I ran out of time and I was super stressed out and I had like, cried after the exam freaking out and I got a B so it's like, not bad. But I do want an A because, you know, it is what I'm trying to do in life. Like I kind of have to get a good GPA. So I was like, ecstatic, but it was definitely better than I thought I might have done. Like, I thought maybe I even got ac, so I'm ok with it.",0.5,0.6,0.3
10131,4,"So I believe I was in my dorm with my roommate and I, like, was just chilling in my bed and I was actually, like, obviously nervous to open it as I always am. But I was really, I was pretty happy with the score because it's my first a since the first exam. Um, yeah, I was pretty excited about that and I felt less prepared for this one than I did for the other. So it was kind of surprising. I don't know. I have a really hard time predicting what I get on these exams, but I'm definitely happy about getting an A so, yeah.",1,0.8,0.8
10132,3,"Uh, I was walking back from class. Uh, I saw the grade and immediately I knew that this was gonna probably have to be my drop. Um, I was, yeah, I was walking back by myself. I wasn't with anyone. Um, just listening to music and, and I guess, I don't know, I guess it's my study habits. I try to put the effort in and to stay focused, uh, and, and in class and go to class, I go to class. Um, but it, it just, it, it doesn't click in my brain. I often don't have time to complete assignments. Uh, I do the practice because of all the other classes I'm taking and, and all of whatnot. Um, so it, it's definitely, you know, it's not a good score. That's not the standard I hold myself to and it's, it, it, I need to, to, uh, just, just be vigilant with my final grade and, and, you know, where I'm at with that now, um, I think I just need to put more time and the problem is I don't have the time to put in and still get good sleep and still maintain a good social uh, social life balance. So, yeah.",-1,0.7,-0.7
10133,1,"I had gotten a text when I was in my chem lab and so I waited to open it until I was walking and I was walking down the steps of cocks. Um, and then I opened it and I saw the average and I freaked out because I thought that that was my grade and then I got my grade and I was really scared after I had seen the average because I was like, oh gosh, maybe I did a lot worse than I thought and I ended up not being that happy with my grade, but I still got a good grade and I should be happy about it and I am fine with it now. I'm just really stressed about this next exam.",0.5,0.7,0.35
10133,2,"I honestly don't really remember where I was, but I remember knowing that it was gonna be bad and then it was bad and I kind of just accepted it and then moved on.",-1,0.5,-0.5
10133,3,"I was pissed. That's about it. I was mad and I laughed because I thought it was a joke and I'm probably dropping out of stem. So, there, there you go.",0.5,0.7,0.35
10134,3,"So when I got my chemistry grade, I was just in the library, I think, and I got it back. I saw the average, I was like, oh, my God, is that my grade? Because I, that was just like the first number that popped up. So that steered me. But then I was really happy once I saw my grade because I think anything in the above the eighties is really done. So overall I was really happy. Like, that's really, it, it was great. Yeah.",1,0.9,0.9
10134,4,"Um, I was very happy. I was in class so I couldn't really do like the other voice recordings for this. But I was really happy and I opened it next to my friend and I was, like, screaming. I was so happy and, yeah.",1,0.9,0.9
10135,2,"When I received my chemistry score, I was sitting in my room, I actually thought I did better than I did, which is ok. I'm just gonna aim higher. Um I definitely need to get B's on the rest of my test. Um I think that the level of difficulty of this semester's test are definitely harder than last year's exams. Um, looking at last year's exams, it's just like the level of difficulty is much higher. Um I can speak for myself and my peers as I've spoken with my peers. Sometimes it feels like they don't want us to pass this class. Some questions are just unnecessarily difficult and unnecessarily challenging to complete with the time given. Um, multiple choice questions are not supposed to take a long time and I just really feel like the level of difficulty of the test. It's very controversial. Um Yeah, and also noting that the average almost dropped by 10 points. That's pretty sad too. Um I'm just trying to look at it from a more optimistic standpoint of I did get higher than my first exam. Um I was thinking that I was really upset. I'm really upset because I want a in this class and I'll think that's feasible. So now I have to aim for A B which is fine. Um I did want an A but A B is also good. So, yeah, um I am religious so I'm, I've definitely been praying a lot. I pray a lot for this class. I have to. So, yeah, I'm just gonna continue with the same study methods. Keep my prayer up and just um asking for advice from people who have already taken the class and continuing to look at past exams for some type of help. Even though I know that the test we're gonna take is probably gonna be harder.",0.5,0.6,0.3
10136,1,"When I viewed my grade, I know I was gonna get a good grade because I study a lot. I was in a classroom at my c discussion and I was with my fellow classmates. I was not surprised my grade and I was not overly excited because I knew I was gonna do good since I studied a ton.",0,0,0
10139,1,"Um, when I opened my first seven grade, I was, I think cooking and I wasn't with anybody. Um I thought I did pretty good, so I was confident. Um I didn't think I did as good as I actually did. Like, I thought I got a couple wrong or at least like one wrong, but I was really happy with my grade.",1,0.7,0.7
10140,2,"I think I was, uh, in class and I, I guess I was, uh, I think it's a math class. So I guess we're just taking notes. I opened it and I was surprised because I thought I did worse than I did. Um, so that was good feeling that, uh, I did better than I thought. Ok.",1,0.4,0.4
10140,4,"I uh I viewed my most recent chemistry exam grade um right when it came out um like when, when you guys texted me, I opened it and I think I was the kitchen and I was by myself and I was hoping, but it would be above an 80 it was a 82.5. So I was happy I was content, you know, um really no complaints on that end because, you know, it, it's a hard class and yeah, I, I was, I was fine. Um it kind of opened the door to me to because uh uh let me step back for a second exam three. I didn't do so well. So in my head I was thinking ok, if I, I can, I still have a chance to get that um that grade dropped if I do well in exam five. So it's, it's kind of like a little bit of hope, you know.",0.5,0.4,0.2
10141,2,"I felt very scared before checking it, but once I checked it, um, I was very relieved seeing the, like a class average was really scary to me. Um, and it makes it worse, like seeing it before you see your grade, but like it's fine. I was really happy with my results. I think I should have gotten an A but it was fine.",0.5,0.7,0.35
10141,3,"I was really happy when I saw my grade. So I was super happy when I got my grade, everyone's mad that I did good. And as you can tell they're mad, but I love it. Thank you. Goodbye.",0.5,0.9,0.45
10142,1,"I was in my dorm just uh sitting on my bed and then I got a text message from you guys saying that the scores were released. And when I first saw that text, I was super nervous about it because it was my first test. I've taken out uh Miami.",-1,0.7,-0.7
10142,2,"When I checked my chemistry grade, I was in the dorm by myself sitting on my desk and I was just anticipating uh the score coming out because I got the text message from you guys and I was just feeling very anxious and nervous because I studied really hard for the test. And then when I ended up seeing my score, I was pretty mad at it.",-1,0.7,-0.7
10142,4,"When I first checked my chemistry score, I was in my dorm room by myself. I was pretty nervous to look at my uh test score, but when I got it back, I wasn't surprised at all. Um I guess that I got in 84 because I messed up like uh one multiple choice question that I knew of and then I also messed up the titrations problem. So I was kind of expecting the score that I got.",0,0.3,0
10143,2,"Ok. I was at Spirit Halloween with my girlfriend and uh, I was like, oh my chem grade came out and then I looked at my chem grade and I was like, ok and then I kind of put it away and then that was basically it.",0,0,0
10143,3,"Um, I don't really remember. I think I was, what was, I think, oh, I was in the library. I remember now. Um, I was with my girlfriend and I told her to, like, tell it to me. Yeah, that's what happened and I was like, oh, cool. And then, oh, yeah, that was it.",0,0,0
10143,4,"Um, I don't really remember that well, but I do remember, I think I was with my girlfriend and I mean, I wasn't that happy about the grade I got for whatever. That's all I remember.",-1,0.3,-0.3
10144,4,"I was scared when I first looked at it because I knew I did that. I was just like, damn 1000 people already doing. So, yeah, it really sucks. But like, it's whatever I'll get through it.",0.5,0.6,0.3
10145,2,"I feel the same as I did before. I'm not super happy with my grade, but I made improvement since the first test and I continue to keep improving.",0.5,0.5,0.25
10148,1,"Um, when I first viewed my chemistry exam grade I was alone. Um, it was right when they came after my lab. Um, I was really nervous, like ferry. Yeah.",-1,0.6,-0.6
10148,2,"Um I was by myself in the library and studying and then I opened it and I thought I was gonna get a 50 or 60. So I was expecting really bad and I end up getting 81. So I was very happy about that. I'm not happy with my score in general, but I'm happy that I got an 81 compared to what I thought I got. Yeah.",0.5,0.7,0.35
10148,3,Um I was very happy. I literally cried because I was so happy. I was with my friend Chloe and I was feeling very proud of myself.,1,0.9,0.9
10149,1,"I was in the, I was in the A CS lounge in Shalala and, um, it was me myself. No, I was sitting there on the, on the couch and, and, um, you know, I was really disappointed because, you know, I got a, I got a bad grade. I did worse than I thought, you know. Um, but yeah, I was just sitting there on that, I was just sitting on the couch waiting for my doing for my grade due to the, you guys are counting down the text at what time it was gonna be, you know, it was like, I was really like, anxious and kind of scared at the same time, but I thought I'd get a better grade than, than I did after all.",-1,0.8,-0.8
10149,4,"So I was in Shilla on the second floor in ac I'm gonna stop my grin. I was with my friends and I pretty much predicted my score because I predicted a 55 and I got like a 53.5. I'm hoping it could still end of a season in the class. I was just happy, I didn't do as bad as my last example, but I'm still hopeful.",0.5,0.5,0.25
10150,4,"I had just come out of class or sorry, I was coming out of a doctor's appointment and I was excited to see my grade. I thought I'd done really well because I felt confident about my exam and I saw in Mark and I was very, very pleasant and surprise. It was above what I thought it would be.",1,0.9,0.9
10151,1,"I was sitting in a friend dorm and I remember being so nervous to open it up because I, I thought I did well. But then I was like, super nervous that I wasn't going to do well by chance. And then I opened up and I saw the average and my stomach dropped because I thought that was my actual score. And then I reread it and I was like, oh wait, no, no, no, that's the average. And then I clicked on the next page and then I saw my score and I was like, no way. And I had to check it again and I was like, so elated and I was showing my friend like, oh my gosh, oh my gosh, look, look. And I texted my mom and I texted my stepdad like, oh my gosh, like look how well I did like not, well, not like that like like, oh my gosh, like I did so well on my, my chem exam and they're like, we're so proud of you. And I was so happy and I was so elated that I did so well on that because I remember that day was also just like, it was a hard day and I remember like, being so happy and brought up because of that.",1,0.9,0.9
10151,3,"OK, so when I saw my most recent chemistry exam, I was at the L GB or not the L GB Q center. Excuse me, I was in Witton University Center. I was in, well, I was in Uni Whitton University Center after my Spanish class, I had sat down for the out in gov government meeting um to basically like chill and hang out before the o cheer competition because my friend was running the meeting and I figured, oh, I could just sit in for this and I got the text saying, hey, your score has been back. It was a little after it was four o'clock when I was sitting in there and I got the score back. And I remember seeing the score and I remember being so proud of myself and I went to my friend Van and I was like, oh my gosh, I got a 90 I got a 91 on my score. Like I got an A and we high fived and I was very happy and then I put the phone down and I listened to the meeting, but I remember feeling very happy in that moment. I was very chill beforehand and I felt very happy when I got my score back. And that definitely alleviated a lot of the pressure from that day.",1,0.9,0.9
10151,4,"Um, to be honest, I don't really remember the moment. I think I was really anxious. That's usually what happens. I get a little anxious before I view it and then I see it and then it just like a, a relief kind of like sets in um uh I don't remember where I was. I, I think it was with a friend. Oh, yeah. Yeah. Yeah. I was with a friend. I was in the middle of taking a take home exam and I was sitting and I was taking it and then I got the text. So like, oh, your sports been released? I saw it. I was nervous and I think it was also just nervous because of the pent up because of the exam as well. I saw it and I was like, oh, good. Like I was happy and I was like, thank goodness. And that was like a, a stress kind of taken off my shoulders and then I went back to doing my exam.",0.5,0.7,0.35
10152,1,"So I viewed my most recent chemistry exam while I was in a light stopped because there was a lot of traffic like getting to my house and we were just stopped at the light and I know that the light takes like, you know, a good amount of time to like turn green again. So I just took that as my opportunity to open the exam and I was alone in the car and initially I was just like really nervous but um when I opened like the exam score and I thought I was gonna do a lot worse, I just felt like a lot of excitement. I was like super, super happy, like even though like it wasn't like the best score ever, like it was just a 76. Like I was still like very happy about the fact that I passed and I did better than I thought I was gonna do. So, yeah, and then like after I saw my score, like the first thing I did was call my mom to like tell her how I did. And then I called my boyfriend and yeah, I was just like very, very happy during that moment even though like it wasn't like a crazy score. Like I still was like super, super happy about it because I like put so much work into the class like studying.",1,0.9,0.9
10152,2,,0,0,0
10153,1,"Uh, I was at the library so I wasn't able to talk loud so I was whispering at the time during that time I was pretty hard were broken. Um, because I knew I could have gotten, um, a better score because I was pretty prepared for it for the exam. Uh, I believe it was, I'm not sure the date but it was around the afternoon. I was about to get dinner, I think, maybe around 5 p.m. Um, on the weekends maybe. Or actually, no, it's, yeah, probably in the weekends or on the weekends. I was not with anybody that day. Uh, I was studying, I was studying for, yeah, chemistry. And I thought, uh, for my next exam, what was I thinking? Um, I was feeling very doubtful about myself. I felt like I was a failure but thinking back it's not worth it. I believe that doctor will drop my lowest exam. So, yeah.",-1,0.7,-0.7
10153,2,"I was at the library studying for a math quizz. I was nervous. Uh, I thought I did better than the last exam. But, yeah, I was pretty sad when I saw my score. Yeah, I felt like crying. But coincidentally there was a kid next to me that cried for like, two hours nonstop. So I didn't feel like crying. Um, but I felt hurt, I guess. Yeah. But the exam score, my exam scores.",-1,0.8,-0.8
10153,4,,0,0,0
10154,1,"Um, I was in my room and it was like, right after, right after it got sent out, it was like two minutes after I clicked on it and I was by myself and I was laying in my bed just chilling watching TV. And I saw it and I didn't feel so good. But after I went back to my teacher started out a few things I feel way better about it now. So, that's that. Yeah.",0.5,0.5,0.25
10155,3,"So the moment I viewed my chem exam, I was just confused because I did better than the average, but I didn't do well, like I, I actually did horribly but I was just at a loss of thought, there was no thought behind my eyes. When I viewed it, it was just kind of there and I just kind of accepted it and moved on.",0.5,0.4,0.2
10155,4,"So when I swear, where was I, I was in my room, I just gotten back from the mall and I was sitting on my bed and I opened it and it told me the average obviously before and that was 71. And when I opened my grade, I got a 77.5. So I, I just remember like not knowing how to feel because it's, it's way lower than I thought I would get. I thought I did really great on this exam. So I was like, kind of a little shocked, a little surprised, um, because I did way more poorly than I thought I did. I thought I was gonna get like an 86 because I felt so good about everything besides one question. Um But yeah, and then it like set in a little bit and then that helped. But besides that, it was just kind of like disappointment.",-1,0.7,-0.7
10157,1,"I was alone in my room when I checked my grade and I was thinking the worst and I was expecting my grades. So it wasn't like, it was totally shocked. But, um, obviously I was disappointed but better things will come hopefully. And, yeah.",0.5,0.6,0.3
10157,4,"Oh, I was getting out of my biolab class and I got the notification that my grade was ready and I was walking back to my dorm when I opened it. I knew that I had made some silly errors. So I wasn't expecting an A but I was hoping for at least A B and that is what I received. So I am proud of that. And I've accomplished so much over the semester that I'm proud of where I'm at right now and I hope to continue to go up.",1,0.7,0.7
10158,1,"When I viewed my chem exam, I was at my apartment alone, I was um watching TV. And I felt a little bit anxious before but not very stressed because I had a feeling that I did well on it based on how I felt during the exam. And then I got um more very stressed out and I saw the average was a 79. But then after I saw my score, I was relieved but I was still stressed out because I had other assignments and other classes.",0.5,0.7,0.35
10158,2,"When I saw my chem exam, I was alone. Um I was in my living room on my couch. I was watching TV. And um I was thinking a lot about this one because I didn't feel as confident when I uh took the exam. So I was pretty stressed when I was uh about to look.",-1,0.7,-0.7
10159,1,"So I opened my chemistry exam grade um um on campus. Um I wasn't with anyone else. I was just like standing outside where no one could really hear me talk out loud and once I opened it, um I just, I gasped really loud dramatically because I never expected to get a 91. Um I'm typically not that good at chemistry. So that was really, really, that was really exciting to see that grade. Like I, I truly couldn't believe that I was like, maybe it's an error or something, but, you know, then I realized that I did study a lot and I felt good about the test. So it was just a really a positive experience to, you know, be excited about a grade and not be, you know, like upset about it like I often am. Um but I'm, I'm getting better in the class. So um it was, it was a pleasant experience.",1,0.9,0.9
10162,1,"Um So I viewed my chemistry grade in the library on the second floor where it was like quiet. I was studying for another exam and I was very anxious about the grade coming out. Um I was all by myself and then when I saw the grade posted, I immediately opened it and then to make my recordings, I would go downstairs or like to a place that I could speak. Um Honestly, it was really exciting to open my grade. I was very happy with what I saw, but I was glad that I was like alone when I viewed it because I didn't wanna like get a bad grade and be with people. I'm better at looking at that stuff when I'm by myself.",0.5,0.7,0.35
10163,1,"Y um where I was, I was in my dorm as soon as the test grades got released, I viewed them, of course. Um I was feeling like a little nervous when I was, when I was like, going open it because it's my second time taking the class. And I, like, want to do well and like, I just hold myself to a high standard. So like I wanted, I really wanted to do well on it and I have my test. I saw like 92 and I was like, that's good for the first test. Like, that's really good for the first test. But I was just thinking like the job's not finished. Like, I'm only just getting started but it's was, I thought that it was like, good to build like a base average of uh before I, like, drop the test. Like, if I'm getting a drop test, I want to have like a good test average. So I could, like, have some room to struggle on the other test if that makes any sense. But I went up to one of my roommates. I was like, yeah, I got 92 on the chem. Test and like he knew I was taking it again. So he's like, hey, good job, bro. And I was happy. But I honestly, my immediate reaction was like, wow, this is sick. But I didn't feel as like happy as I thought I was gonna be after C 92. Like I still want more. So maybe I'm just hungry for it, but we'll see.",0.5,0.6,0.3
10164,2,"Um, I don't really remember what I was doing. Um, I was probably in my room. I just casually opened it. I didn't think much about it. I was alone though. I just, I know that, um, I was, before I, like, when I was doing the, like, putting my C number and everything I knew I was probably above an 80 but, and then it was higher than an 80 like a flat 80. So I was happy with that. Um, it wasn't a big deal. Honestly. I just, I really like getting my grades early. It's just like a stress. It's like, gone. Like, I can see the grade and I know, like, if I did good or bad or how much I had to study should probably study a little more for the next one though. Just to be on the safe side above an 80. But, yeah.",0.5,0.4,0.2
10164,3,"Um I was in my room. No, do not expect great. I knew I didn't do amazing. I mean, honestly, I thought I did better than I got, but then I calculated, I just got five points off. So when I went back and I looked at the actual points taken off, the percent wasn't as significant as it would have been. But I had to go through that to see that. So in the moment I was a little more stressed. I was just in my dorm and I was alone.",-1,0.4,-0.4
10164,4,"I was with my friends in apartment in Lakeside and then one of my friends, uh, opened it and then, like, they got theirs, like 30 minutes earlier for some reason. And then I was just, like, waiting for the moment, like, where mine would be out and then I just saw it and told them what I got because, yeah, I was, I kind of wanted like higher grade, but it was fine. I was happy with what I got. I just wanted above a 90.",0.5,0.4,0.2
10165,1,"When I viewed my first chem exam grade, I was home about an hour and a half after it came out, um, with my roommate and I had woke up from a nap and I was thinking it was gonna be a little better than it was, but it was ok.",0,0.3,0
10165,2,"When I viewed my most recent chemistry exam, I was home, um, after coming home from classes and I was with my roommate. She was in the room and I was, when I got my results, I was fine with them. I was actually happy. I got a bi, I, I'm, I'm improving from the first exam and it's just, I feel good about the class.",1,0.7,0.7
10165,3,"I was home. I wasn't too surprised. I didn't know how I felt about it. It went a lot better than I thought I got. Ac, it will probably be my drop grade because it's the lowest C I have. But I'm not, like, like, sad about it. At least I didn't fail.",0.5,0.4,0.2
10166,2,"I was leaving class when I first got my chemistry grade and I was already stressed because I was in one of my harder classes and we were learning a new topic and I kept getting the text messages saying my grade was going to be released soon and it was released when I was in class. So I had to wait till class is over. That I checked on my way home and I was really anxious and like, obviously a bit disappointed in myself, but that was my reaction.",-1,0.7,-0.7
10166,3,"When I viewed my chemistry grade, I was around my friends and we were watching a show together and we were like, in the living room and it was at, like, kind of later. It was like, I, I don't really remember exactly. I think it was around like, five or something like that. And I was, like, really nervous to look. I was feeling really anxious. I remember that and then I checked and my mood kind of like, shifted a bit, like I was kind of like, disappointed. So, like me, I, I kind of just like, went a little quiet my, some kind of drops. But, yeah. Yeah, that was mostly my reaction.",-1,0.7,-0.7
10166,4,"Ok. So when I saw my chemistry grade, I was actually walking back from a math as I had just taken. So I was feeling like a little bit relieved but also kind of stressed because it was really hard. And I was also stressed because they were like, oh, your chemistry grade is really like, go check. I was like, oh, my gosh, if I like, have two things that go wrong right now, that would be really upsetting. So I was just really hoping I did well because um, I, not that I did bad on my math exam, but I was just like, really anxious in the moment. And so I checked my grade and my stomach like, dropped and then I was like, so happy because I actually did really well. So I was like, really excited after that and I called my mom and my best friend and I was just like, made my mood so much better. So, yeah.",0.5,0.7,0.35
10167,1,"Um sorry, I forgot to do this. This right, because I was in class. But basically the moment I viewed my chem exam, I was in math class and I was kind of like, not necessarily disappointed but like bummed because I know I could do better than that. So I really have been trying to study a lot for this next one. It's just hard when we don't even know all of the material that's gonna be on the exam. So it's kind of like really stressing me out. But, yeah.",-1,0.7,-0.7
10167,2,"Um the moment that I viewed my chem exam, I was honestly shocked because I thought I did a lot worse, which means that they really curved it. But I really thought I did a lot worse and it was low key relieved because I was like, oh my God, thank God I got that over. That was so hard. Um And yeah.",0.5,0.7,0.35
10168,1,"When I opened my last um chem test, I was alone in my dorm room and I first saw the class average which was a 76. And I got really sad because I thought that was my score but it wasn't. But in reality, my score was only 4% higher than that at like an 80.9. So that was like disappointing. But now I don't really care about it. But in that moment it felt like the end of the world.",-1,0.8,-0.8
10168,2,"I honestly do not remember what I was doing or where I was when I saw my test score. I've kind of blocked it out of my memory. I know I got a bad score. I don't wanna dwell on it. I don't wanna think about it. So I do not remember. I know I was alone because I don't open test scores when I'm with people, but that's all I remember.",-1,0.7,-0.7
10168,3,"Um I remember that I was on the bus coming back from the Rosensteel campus and that the wi fi wasn't or like my data wasn't working and I could not get it to load and seeing class average. I once again thought the class average was my score and my heart sank lo and behold, actually my, my grade was lower than the class average. So my heart sank once again. Um I was just like sitting there like thinking, what do I do? I hate chemistry. I hate science. I'm bad at it. Like, what do I do about my major? It was a very dramatic response looking back on it. However, it felt like the end of the world fine now felt like awful when it first happened.",-1,0.9,-0.9
10168,4,"I was in my bedroom doing a project trying to finish it so that I could leave and go on a plane home when I got my results and I wasn't super nervous because I thought I did well. And when I saw my score, I was devastated and I took my blanket, I took my pillow off my bed and I laid on the ground and then the person who helped me study, like came in and he was like, what you get. And I literally couldn't tell him because I was so embarrassed that I got such a bad score. So I just didn't tell him. And then he started going through my like blackboard seeing if it was posted. And I just had to be like, it's not there. Like I have to tell you I've literally failed. And it was embarrassing and heartbreaking.",-1,0.9,-0.9
10169,2,I'm feeling pretty disappointed but also happier that I did better than last time.,0.5,0.6,0.3
10170,1,"I think I just finished chem workshop when I viewed my most recent chemistry grade. Um It was, it was last week, Monday, I mean, no, not Monday. It was last week Tuesday and I just finished workshop. I was walking downstairs in clocks and I was walking and I, I saw my grade. It was great. I was, I was excited because there was 100 and um yeah, that's basically uh.",1,0.8,0.8
10170,2,"Uh, I don't, I don't really remember what was I doing. I think I was, like, in the lab or something. Um, which I'm like in the lab right now again. So it's, it's probably, I was probably in the lab and I was feeling ok, I guess, I don't quite remember. This week's been really busy and chemistry is not my top priority right now. So I, I've, I haven't been thinking about it and, um, so I don't, I don't really remember, um, I was with the lab people, um, and, uh, it was around three, if I remember correctly. I was just, um, I was feeling ok because like it was ok, great, but it's not perfect. So it was ok.",0,0.3,0
10170,3,"I think I was in the lab and I left the lab and then I saw my chemistry grade and went to see my friend, you know, and, and now I went to work, um, well, I saw, I saw the average when I was leaving the lab because, and then I saw the average, I was scared to click next. And then I texted my friend who's not in this study. And, um, I went to find her, she's in Shalala, she's in correspondent study room and I want to find her and I clicked next and saw my grade in Shilla. I think. So. I was, I was very anxious after seeing the average because it was a really, really low average. I think it's 66. And so I was worried that I might not do well, but I was hoping that it was a, it is a good grade and it's an ok grade. And then I texted Raphael and saying that I got an ok score and the average is really low. And yeah, that, that's about it. I guess it was, it was five o'clock or something or four. It was basically one like 30 minutes after you guys posted it. Which I don't remember when exactly it is. Um, yeah.",0.5,0.6,0.3
10170,4,"Um, I think I was at work when I saw my grade or I was on the way there. Probably just finished lab. Like I usually do. Um, I remember not remembering much of anything. Um, I wasn't thinking about chemistry at that point and I just really didn't feel much about this great this time and that's, that's really about it. I think I saw my friend, you know, that night I saw my friend Ben at work but it was not at the moment when I saw my gra, I think I was probably alone when I, so I'm a great, um, I guess that's, that's it. I don't really remember much. Um, this week has been a lot.",0,0,0
10171,2,"Ok. So I was, I don't know if you can hear me very well, but I was, um, just alone walking back from class actually. And Loki, like, I'm hoping it gets better. I really hope it does, but I did better than my first one. So that is ok. I'm fine with that. Um, it's just so hard and if this is the thing that like makes me fail, I'm gonna be really mad because I have no interest in chemistry. It's just a requirement for my major and it's really discouraging me on what I want my path to be.",-1,0.6,-0.6
10171,3,"Not gonna lie wanting to die. Um I'm not gonna fail this class. I don't know what to do because I work so hard. Um But yeah, literally my heart dropped. I don't know where I was. I think I was like getting back into my room but I just wanted to die.",-1,0.9,-0.9
10171,4,"Honestly, I was kind of psyched. Um, which is really sad because I got ad, but it's still the highest grade I've ever gotten in this class. Um, however, I am so really scared that I'm not going to pass. I did the math. I just needed 73 on the final, which is higher than any grade I've ever gotten in this class. Um, I low key don't know what I'm gonna do, but hopefully I get it. Hopefully I'm pleased.",0.5,0.6,0.3
10172,2,"I was in my room back at my apartment, um, kind of just on my phone. I wasn't with anybody. I was alone. I was feeling I was stressed because I didn't know what I was gonna get. And I thought I did a really bad job, but I actually did a good job and I was really excited after I saw the grade. So it definitely made me feel a lot better. And then I think it kind of made me more productive because then I got off my phone and started doing more work.",0.5,0.7,0.35
10172,3,"So when I gave my most recent t test, I was laying in bed sick with mono. So I wasn't really thinking about anything of the test. I kind of just felt so horrible and just out of it, but I was just like, ok, cool and moved on. So. Yeah.",-1,0.6,-0.6
10172,4,I was walking into my apartment when I viewed the grade and I was happy with what I got because it was well above the average.,1,0.7,0.7
10173,1,"Ok. When I got the grade, I was walking to my calc one office hours and I wasn't with anyone. I was just walking. Um, and I was like, already feeling pretty anxious about all my other classes. Um, and then I got my grade and I did a lot worse than I thought I would. I still got a very respectable grade. I got like an 83 or something. Um, I just was really hoping for an a and I felt really good about it and then I looked at like, where I missed points and I only missed like three questions total. So it just like, sucks that it brought my grade down so much and I felt so good about it. So I was pretty upset.",-1,0.7,-0.7
10173,2,"When I saw my chem exam grade. Uh, it was right before my calc one class and I was sitting outside in one of the tables at Dooley. Um, I was alone and I just had like 15 minutes before my class started. So I was just like, doing a couple little things like that. Um, I felt upset because I thought I did better again. Um, but I didn't feel like, quite as devastated as I did last time. I'm trying to, like, work on not being so, like, devastated by bad grades like that. So, and I still did much better than the average. So. Yeah.",-1,0.5,-0.5
10173,3,"Ok. So I was sitting in my math class during our break time, my calc one class, um and it was like half an hour or so after it was released because I was just waiting for a break in my math class. I don't have any friends in that class. So I was sitting like, with people, I don't know. Um, and I wasn't really doing anything. I was like, again just taking the break. Um, when I looked at it, I felt excited that I did better, much, much better than I did on the second exam. I just really wanted an A so I was upset that I didn't get an A but still quite excited and I just talked to my instructor in office hours and I think I'll be getting points back on all of the questions because there was a mistake in the grading. So I think I got an A anyways. Um And yeah, so I felt pretty good and like a lot less, like, devastated than I did when I saw my exam grades for the second one. But also surprised when I saw the average because the average was really low. And I felt like the exam was a lot easier than, like, it should have been.",0.5,0.7,0.35
10173,4,"I was in my math class, um, next to the people I usually sit with, they aren't my friends but there who I sit with, um, it was probably about 15 minutes after it came out. Um, I was not really paying attention to math but I needed to see my grade. Um, and I felt really good when I saw it because I felt like I did really well.",1,0.7,0.7
10174,1,"I was walking home from the doctor's appointment. Um so I was not very happy because I was just at the doctor's and then I had to open the chem exam which made me really anxious and stressed out. Uh Yeah, it was not a fun day for me.",-1,0.8,-0.8
10174,2,"I don't really remember what I was doing. Um I was pretty sure I was home alone. Um I was expecting a low score, so I wasn't like necessarily disappointed in my score. Obviously it sucks, but I knew I did bad, so I honestly thought I was gonna do worse than what I thought. So I just had no real emotion getting the score itself.",0,0,0
10174,3,I was very disappointed in my grade. Um I'm still struggling in chemistry and I'm still trying to decide whether or not I am staying in the class. So everything is very confusing and difficult and not going so good.,-1,0.9,-0.9
10174,4,I was alone in my room at home and I was very nervous about my grace.,-1,0.7,-0.7
10175,1,"When I first saw my chemistry exam, I was near the Mahoney Pearson dining Hall. I was by myself just walking and I just look at it. Um So I had got ac was not happy about that, not happy about that. Um I was thinking, oh my God, what am I gonna do? And I realized I'm taking all this extra credit stuff to get my rates or the the public like a safety net in case I don't do well. So I'm gonna, you'd be using that safety net for sure. But I am currently just now just going around and just trying to get better at chemistry to go through the practice problems on mastering chemistry. Um uh take more notes during class. Um It was going through my head. Yeah, I guess that was going through my head. Just try to get better because if you don't, if you don't stop growing, then you're not truly getting better. So, yeah.",-1,0.5,-0.5
10175,2,"Hi. Yeah. Uh, I, the moment I view my chemistry exam rate I realized, uh, it wasn't, that's what I expected but comparing it to, like, the class average, like, it wasn't that bad. It wasn't that bad. Uh, I was in my room on the, on my bed trying to relax, have some sleep. Um, I wasn't with anyone else. It was just me. Uh, I was just scrolling when I saw that, um, my stuff, uh, popped up. So I went in and went through it and I was at first feeling kind of like, tired and a little sad and then when I realized, like, oh, I got good above the average, then I just felt better. Yeah. So, uh, yeah, that's how I felt. Thanks for your time.",0.5,0.5,0.25
10175,3,"I guess the moment when I view my first rate I was in my room, I was sitting down, I was hoping I got high on it. I got 77% which isn't too well, it's ac, but it's a high c, compared to everyone else where the average was a 66% percent. I'm gonna look over my, uh, percent. Um, I guess, I guess I was a little sad, saddened by such a low gray for hire, but there's only, the only way to go is up from here. So I've been studying more, doing more of the practices, getting a jump on them on the homework. It's just been difficult. I've, I've had a lot of stuff to do and it's just, it's just a time management thing. Um, I guess that's, uh, that's about it. Yeah.",0.5,0.4,0.2
10175,4,"I was in my dorm room. I was very tired. No. No, I was in my dorm room. I was walking to a, um, to get some food at a near Chilla. Then I went back to my dorm room because I was sad about what I got and it just, it was a wild load of emotions and I felt like I could have done better on that test. Yeah.",-1,0.6,-0.6
10176,1,"I received my grade as I was walking into tutoring for chemistry and I opened my grade with my tutor and he was the first to react with a high five and big smile on his face because he knew how hard I worked for that grade and, and then proceed to con congratulate me. And overall my mood was just boosted significantly.",1,0.9,0.9
10176,2,"When I viewed my chemistry grade, I was in class and, um, I had to sort of contain a bit office, uh, my performance as I had anticipated a much worse grade, but I'm not complaining, but my mood definitely was significantly better after receiving my chemistry grade.",1,0.7,0.7
10176,4,"I was sitting in a restaurant waiting for the grades and I was nervous but excited because I knew I did well. And then, um, after seeing the grades, I was just satisfied with the results and then I went on to call my family and sort of and that family.",0.5,0.6,0.3
10178,1,"When I checked my chemistry grade, I was with about four of my friends. Um, and we were all studying together, but I didn't tell any of them that I was checking my grade. I was just checking my grade. Um, just because I was curious and what was I thinking? I was thinking that I really hope that the first exam wasn't my drop exam. Um, and, yeah.",0,0,0
10178,2,Yeah.,0,0,0
10178,3,"When I viewed my most recent chemistry exam, I was inside my classroom for my chemistry discussion. So I was already thinking about chemistry. I was already feeling pretty anxious about chemistry and I was sitting next to um both people that are in my group for that chemistry discussion.",-1,0.5,-0.5
10178,4,"Got it. Yeah, that I was in my chemistry, um, discussion class and was with my regular chemistry discussion classmates.",0,0,0
10179,1,"I was in my dorm room with my roommate and I was sitting at my desk doing homework and I was thinking that I did good. Uh, but I could have done better.",0.5,0.4,0.2
10179,2,"I feel good about my chem grade. I viewed it. I viewed it when I was in my dorm room and it was just me and my roommate in there. Um, I was kind of nervous to look at it but I thought I did good on it, which I did so I was not too scared but I was definitely nervous. But once I saw my grade I calmed down a lot and now I'm good with it. So. Yeah.",1,0.5,0.5
10180,1,I opened my chemistry exam. Um the moment it was um submitted out people for people to see I was with my friends in the dorm room and I was doing my chemistry lab and I was very happy at my grade. So I'm very happy.,1,0.8,0.8
10180,2,"Most recent chemistry exam. I was in my chemistry lab doing an experiment and I had, I think Bar Hydrox on my hands and I was with my lab mate. Her name is Natalie Calvo. And I got the text and I touched my phone in desperation with barium hydroxy on my hands and I saw it and I was very happy and it was worth putting all the chemicals on my phone. So, yeah. Thank you.",1,0.8,0.8
10180,3,"I was leaving my chemistry workshop and I see a text saying that my exam grade is ready to be shown and I was so nervous to see because the average was so low. So yeah, and then I was so happy that I gotta be on it cuz I worked so hard and I was feeling happy.",0.5,0.7,0.35
10180,4,"When I opened my, my, my most recent chemistry exam, I was at my chemistry lab after my final exam, I was, I was with my lab mates and I just was walking out of the lab as I was finishing the exam and I saw the text and I opened it and I was very, very happy that I got in on it and I worked really hard.",1,0.9,0.9
10181,1,"Um, the first moment, the moment I viewed my most recent chemistry exam grade, I was actually in my bed in my dorm. Um, it was around the afternoon time, like two o'clock and I wasn't with anyone but my friend was actually on my way to my dorm and I was, I had just woken up from my ma as well, but I felt really bad because I came out of the test feeling good and then I was feeling bad because of my grade. So, yeah.",-1,0.7,-0.7
10181,2,"Um, I was in, I think I was leaving class if I remember correctly. It was as soon as it came out, I was alone and I think I was walking. Um, and I felt good because like I got a higher grade than the last time that I did not feel great because I thought I studied more in that my studying would be worth a higher grade.",0.5,0.6,0.3
10181,4,"I was in the dining hall when I saw my most recent chemistry exam grade. Um, it was during the evening I was with my close friend. I was about to eat, but then I lost my appetite, so I didn't eat at all for the rest of the day actually. And I was thinking that this was wrong and then I was feeling very sad.",-1,0.8,-0.8
10182,3,"When I first got my chem exam, I was with um I was on the phone with my dad and I was walking back to campus and um I was alone but I was on the phone with my dad and I was, I wasn't really thinking of the chem exam because I was trying to do everything to get my mind off of it. But when I got the grade, my heart started beating really fast. I kind of was disappointed because I thought I wasn't gonna get below an 80. Like I, like, I wouldn't have been surprised if I got below an 80. Like I wasn't that surprised but I was just upset because I hate getting grades below eighties. But honestly it passes. It's just a grade and um hopefully the next one goes better. Um, but yeah, overall it wasn't that bad. I wasn't that upset about it. But yeah.",0.5,0.4,0.2
10182,4,"When I got my, when I received my chemistry exam, I was on a run. I wasn't with anyone. Um, I'm just gonna on a run to go and clear my head and not be like, worried about the exam grade. And then when I got it and I realized I did a lot better than what I thought, um, my run went really great and I was really happy and I feel like I got like a, like a weight off my chest because that was one of the last things I needed to end the semester.",1,0.9,0.9
10183,3,"When I first saw my most recent chemistry grade, I really just didn't wanna open it because I definitely expected the average to be higher. Um, and.",-1,0.6,-0.6
10183,4,"When I first saw my chemistry grade, I, like, waited to the very end, like, right when I was about to go to sleep. So I was, like, tired enough. So if it was bad, I wouldn't be too upset in the moment. And then when I saw it and I saw the average, I was like, ok because I got the average.",0,0.3,0
10184,1,"So I was driving back from school and I got, um, a text message. So I waited until I pulled into my garage spot and then, um, I was all by myself. I was really, really nervous. Um, I thought I did well, but I wasn't sure if I, like, thought that I did better than I actually did. So I was obviously concerned I would see a worse grade than I expected. But I ended up doing really well and, um, afterwards I felt pretty relieved that, um, I had done well, um, but I was obviously still shaking afterwards.",0.5,0.7,0.35
10184,2,"So it was actually right before I walked into a lab and I already knew that I like, did not do well. So I wasn't like that worried because I kind of just like expected that it was not going to be good. Um And then I opened it and I was actually slightly relieved because a lot of the anxiety just came from the fact that I didn't know what I was gonna get and also I did better than I thought so. Um I was definitely relieved and like, um I just kind of had the mo like the mindset that I was just gonna do better next time.",0.5,0.6,0.3
10184,3,"So, um, I was just walking into lab. Um, so I was with my lab partner and a couple of my other friends who were in the same lab as me. Um, and I was really, really nervous because this is the test that I was like, kind of unsure of how I did. Um And right before someone told me that they didn't do as well as they thought they did. So that obviously made me pretty nervous. But, um, so I walked into lab, I took my lab quiz and then I checked my grades and I was shaking, but then once I opened it and saw that I did pretty well. I was definitely really, really relieved.",0.5,0.8,0.4
10184,4,"When I opened my recent chem grade, I was actually sitting with my family. I felt pretty confident about my exams. So I was pretty excited but also nervous in case I didn't do as well as I thought I did. But um and then once I opened it, I was super, super relieved and excited to spend time with my family and not stress as much. But now obviously I'm stressed out for the upcoming exam.",0.5,0.7,0.35
10185,1,"I feel like I have like a lot of like, anxiety and stuff and like, it was like, really stressful for me because I didn't feel good. So I was just gonna say I can take a break home, you guys, a certain kind of stuff.",-1,0.7,-0.7
10185,2,"I was really sad because I feel like I had studied a lot and honestly it's really disappointing and I'll probably end up dropping the class and, yeah.",-1,0.9,-0.9
10186,3,I opened my latest chem exam in my room all by myself. I was pleased to see that I did better than the average. So I was happy and relieved because I was looking forward to see what I got in my exam.,1,0.7,0.7
10187,2,"I was in my dorm, I was by myself and I was finishing, doing homework and I was just thinking what I predicted my grade, but I thought I did a little bit better. So, I mean, it was definitely a little annoyed and I was very stressed and had a lot of anxiety that I need to do a lot better for me to have better. So, yeah.",-1,0.7,-0.7
10187,3,"Um, I was in my dorm, my roommate was here. Um, I was actually on the phone with my mom as well because she was interested in what I got. Um, I wasn't doing anything. I just got back from my lab and I looked at the grade and I was actually really happy about it because it was such an improvement from what I got the last time. And I also was, um, but yeah, I wasn't really mad about it, but if I got that grade in my other class, I'd probably be mad about it. But this time I wasn't mad about it because it was such improvement from what I got. So, I actually was so happy and I definitely want to improve even more on the next exam because of the adjustments I made.",1,0.8,0.8
10187,4,"I was in my dorm and I just looked at it because I was actually super curious on what I actually, what I got and I was pretty, I was like, by myself and I was just like, I kind of knew I was going to get a grade around there. I did better than I actually thought I was going to do. And I definitely just need to improve on the next one to in the final to achieve the grade that I need.",1,0.5,0.5
10188,1,"Um when I received my first chem exam grade, um I was, I think I was waiting for the metro and then I got the text and I signed in as quick as possible. Um When I saw it I think it was kind of like what I was expecting. I was hoping I would do better than I expect than I was expecting. But I'm ok with my grade. Um I was by myself. Um but I texted some people who took it too to see if they got their grades back and how they did and compared to.",0,0.3,0
10189,1,"Opened my exam period pretty much, like, right after it came out, I was in my dorm, I was by myself, but I was, I was on the phone. I was studying for my bio exam, which was basically like an hour after this exam score came out. So it was pretty stressed. But when opened, it was pretty relieved because I, I checked over my results or my answers after the test. But then I was pretty shocked by how well I performed.",0.5,0.7,0.35
10189,2,"I was alone in my room doing home at the time for the class, I believe I was pretty nervous opening. It did, I think I did so well compared to last tests and I opened it. I kind of true too as well. Um, it was a little stressful opening because I didn't think I did that well compared. But, yeah.",-1,0.6,-0.6
10189,3,"I was well on the way out of my English class, which was in duly. So I was walking by myself. I checked my score. I was pretty, pretty nervous. I don't think I did too well. I, and then I saw the average, it was like a 66 or whatever. So it made me a little nervous and when I opened it and I saw that, I, I saw my score. I was pretty happy with my score and that allowed me to become more lost.",0.5,0.6,0.3
10189,4,"I think it was around 4 p.m. I was in my writing class stepped outside to check and I was pretty happy my scores aligned with what I thought was getting in the, um, lifted the stress off my shoulders.",1,0.6,0.6
10190,1,"Ok. So the moment I viewed the recent chemistry exam, I was in the lobby of Lakeside because I was like, coming back upstairs and I was like, trying to do it right after I got out of my microbiology class, but like my wifi wasn't working. So it like finally loaded when I was like downstairs and I saw it and I was just like, like I was just like, shocked. Um And then like, I went upstairs, like I came into my room, my roommate wasn't here. I was just like by myself thankfully. Um And like, I like, basically, like broke down. I like was like kind of crying a little bit like I shed a few tears but I wasn't like fully crying. Um I was just like, really upset. Um I immediately texted my friend because she had asked me to like, uh let her know when like I found out the average like the class average. So I texted her right away. She asked me for my grade. I told her like straight up, I couldn't lie to her and then she was just like, trying to calm me down like, you know, um but, yeah, I was, like, pretty upset, like I said before and, yeah.",-1,0.7,-0.7
10190,2,"Uh, when I saw it I was, uh, underwhelmed but I'll get through it. I was alone in my room and I was sitting on the floor of my bedroom. I was very anxious but that's pretty much it.",-1,0.6,-0.6
10190,3,"So I was in my room, I was by myself and it was after my chemistry lab. Um, so I was, like, pretty relaxed and, um, I was feeling kind of nervous because I knew that if, um, I didn't do well, I would have to drop the class, which is what I ended up doing. I, I ended up dropping the class but at the same time I knew that, like, everything happened for a reason. So, like, I wasn't too worried about it. Like, I was worried about it, but like, to a certain extent then I opened my grade. I felt disappointed in my score and then I, like, vented to one of my friends and then I was talking to my parents. I found a solution for, like, what I can do, which is dropping the course this semester and retaking it next semester. And then after I kind of had like, a plan going forward, I felt a lot better about myself and, yeah.",0.5,0.6,0.3
10191,1,"When I opened my most recent chemistry exam, I was heading to Target as I had to buy some things. Uh It was the day that it like you guys sent me the score and I was with my mom that was here visiting for a family weekend. Um I honestly was not shocked but I thought I had done a little bit better and when I opened the grade, like days later I confirmed my results that what I had gone wrong was what I thought I had, right? And what I had right was what I thought I had wrong. So at first I was a little bit disappointed but then I was like satisfied all in all with the results um as I was around the class average. So yes.",0.5,0.4,0.2
10191,2,"I was very sad. Um, I was actually at my apartment and I just didn't want to talk, didn't want to see anybody. I was thinking what I should do next and what will be my next steps. Uh, and yeah, it was the exact day you sent it.",-1,0.9,-0.9
10191,3,,0,0,0
10193,1,"When I received the most recent chem exam grade. Um I was in LA chem lab with my lab partner. And uh before opening the link, I thought I did pretty good. So I was pretty confident and I thought I get a really good grade. But when I saw the grade, it was below the expectations I had for myself. So I was really disappointed and I began doubting my ability um in camp because I thought the exam was fairly easy. So getting the grade that I did, I began doubting my own ability and uh what not. But my chem lab told me like it was a good grade. And so luckily I didn't end up wearing too much because it was, it was a, a relatively good grade. Just it was below my expectations, but it did provide me motivation to work harder on the next exams.",0.5,0.6,0.3
10194,2,"Oh, when I first seen the green, I seen the average first, I was hoping I got above the average and I barely made it above the average. So it was like, I'm not uh I mean, I was like, I like literally forgot all about the test. Like I've just been studying for the one coming up. So um when I first seen the grade, I wasn't happy because I wanted to get 85 above but I got 70. So yeah, so l.",-1,0.6,-0.6
10194,4,"Um, when I first saw my grades, it was uh, I was very excited, very happy, you know, it was like I had to study for a month and to at least get a, a so maybe if I study for a year I might actually get 100. But um, yeah, I was very happy when I first pressed it, like, I usually just cover the screen and then slowly, slowly, slowly try to like show. So I first saw the Zero and I'm like, ok, so I probably got like a 70 flat, which I wouldn't, which I wouldn't be happy about because I wanted to get above a 71 which is my lowest grade. I want that grade to be a, a drop. And every so, but so far I've been achieving, getting above 70 ones which will help me in the long run. But um at first I saw the zero, then I saw the curve and I thought I got a 60. I'm like, no way I got, I thought I got everything right. Then I seen the nine. I was very happy, very excited. I told everybody put on the Instagrams, put on the Facebooks put on the Twitter. Uh, no, it was a survey thing for the thing. Yeah. Yeah. So, yeah, very excited. I was very happy, very proud of myself. You know, I made it feel like all the work that I did actually paid off, you know, and I'm, I'm so proud of the grader. The graders did such a great job this time on giving me a 90 you know? You know what? They didn't give me a, I earned that 90. Yeah, I earned that 90. The graders did a great job in grading my paper correctly this time. So, yes.",1,0.9,0.9
10195,2,"Um, when I checked my most recent chemistry exam grade, I was alone in my room and I was just doing homework. The moment I saw the notification that my grade was available, I checked it as quickly as I could. I was anxious to check my grade but I wanted to know what it was. Um, when I saw my grade, I was well above average and I was pleasantly surprised and relieved and still focused on doing better on upcoming exams.",1,0.7,0.7
10195,3,"The moment I viewed my most recent chemistry exam grade, I was in my apartment in my room alone. I just gotten out of class. I waited to get out of class to check my grade until I was back in my apartment. And I checked my grade and I felt disappointed and then I immediately took the survey and I, once I got my exam back on grades scope, I went over the answers and studied what I got wrong and I feeling hopeful for the next exam.",0.5,0.6,0.3
10197,1,"Um I think I was alone in my room when I saw my chemistry exam grade. Um yeah, and I was a little bit nervous just because I'd gotten the text and then I saw the class average and it was like a 70 something, I think 76. Um so I was a little bit nervous because I thought that that exam um went ok and then it asked me to predict what I got. And so I said like 85 I think just because the class average scared me a little bit. But then once my, I saw my exam grade um I was happy because it was a lot better than I thought it would be um like based on the average. Um but yeah, and then after that I just kind of forgot about it and now I have another chem exam this Friday. So that's like what I'm thinking about.",0.5,0.5,0.25
10197,3,"Um I think I was pretty calm just because when I got out of the test, I feel like it had went well. Um Obviously every time I get a test back, I do get a little bit nervous but it's not like to the point where it's really stressful or like it's causing me anxiety through the day. So overall I think I was pretty calm. Um Yeah.",0.5,0.4,0.2
10198,1,"I was walking home from cheer practice and saw that the exam grade got released and I was so excited to see what I got like, just like honestly anxious to see what I got. And then I looked and I was so I like stopped in my tracks. I was so happy that I got the grade that I did because I put in a lot of study hours and I feel like it kind of checked out on that one. But this next exam I'm low key, nervous for, I don't know if I'll be able to compete with my last grade, but I was alone and yeah, I was thinking I'm proud of myself, but I need to get more sleep next time.",0.5,0.7,0.35
10198,2,"I viewed my chemistry most recent chemistry exam when I was walking back to my room after doing some more school work. And I felt very, um just, I don't know, disappointed in myself because I know I like really studied and it just didn't, like, look like I did. And I've also heard of a lot of people getting higher scores than me, which is really like just downgrading, it just lowers my confidence. But hopefully next time I'll do better and study more spread out.",-1,0.7,-0.7
10198,3,"I was coming back from here and I looked and I was already not having a great practice. So that grade just made me feel, want to sit by myself. I really tried really hard in this exam and to get the same grade I got last time, which is really disappointing, but I'll do better next time.",-1,0.7,-0.7
10199,1,"Before I went. The, that's it. Ok. Ok. Uh, disappointed.",-1,0.5,-0.5
10199,2,"Um, when I opened up my chemistry exam, I was in my room. Um, I was on the phone with my mom. It was last week in the afternoon. I was just sitting by my desk on the phone with my mom, like opening with her opening with her. Um, and then I was pretty nervous to open it, but I was also pretty confident, um, a bit confident and then I opened it and then all that went away. But um, yeah.",0.5,0.4,0.2
10200,1,"I opened my exam with my sweet mate Isabel during chem discussion. It was 4 p.m. I was kind of nervous and when I saw the average score for the class, I thought it was my grade and my heart dropped. But then I saw that I got an a and then I reviewed what I got wrong and I'm happy with my score.",0.5,0.7,0.35
10202,1,"When I saw my most recent chemistry grade, I was in my dorm room, it was like seven pm ish. Um, and I was with my roommate. Um, and like I saw the email, I was expecting the email to come at any point. So, um, I just checked my phone as the message came through. Like it was just like on time. Um, and I saw that message that I got my exam grade back. So I would say seeing the average, um, of the exam before seeing my grade really made my doubt, really made me doubt myself. Um, I felt like I did worse than I thought because I saw the average. Um, but after I saw my grade, I kind of like relief washed over me. So I would definitely prefer not to see the average before I saw my personal grade just because I feel like that just made me feel like horrible. But, um, after I saw my grade, like I said, I was kind of like relieving in a way. And after the fact I kind of just went about my day, I had more exams. So, like, um, I just had to keep studying and I didn't really reflect on it too much because I knew I did well. Um, so, yeah.",0.5,0.6,0.3
10202,2,"When I reviewed my grade for exam two, I would say I was definitely disappointed to see that I got like an 84. Um But I thought that I did a lot better than what the grade showed. Um I definitely came into the exam with the expectation of like, probably getting around, you know, the eighties range. But after I walked out of the exam, I felt pretty confident in my abilities and I thought that I got, you know, around the nineties probably, like I thought I would get an a on it. Um And then I reviewed my answers when I got home also and that also kind of solidified my expectation of getting an A on it. Um So when I saw that I got like that 84 ish. Um I was definitely upset. I was very disappointed in myself. Um And seeing the average honestly didn't do much either because I have very high expectations for myself. Um And I don't really care about what others call. Like, it doesn't make me feel any better about myself. Um So I would say, yeah, that moment was definitely, I feel like I let myself down more than anything. Um, but I do think I bounced back pretty quick, like I kind of accepted that it was in the past and there wasn't really much I could do about it from that point forward. Like I got my grade. Um, even though I thought I did better than I actually did, um, I would just have to study harder for the next exam. So, I mean, I've definitely moved past it now. Um, but yeah, from the moment I saw it I was definitely not too pleased with myself.",-1,0.8,-0.8
10203,2,"Ok. So um I don't remember where did I check my C exam? Oh, ok. Well, I literally checked it in the um food court and I was just eating Panda Express. It was really good. And basically I checked my exam and I was really surprised, I was actually really surprised at my score. I'm not saying that I think I was gonna do bad. Um My predictions were about like an 85 whatever. But honestly, once I got my score back, I was really proud of myself. I am so sorry. I was really proud of myself. And yeah, honestly, I was just really, I was really happy too. I just remember being so happy and like telling my mom and tell my friends. So.",1,0.9,0.9
10204,1,It was awful.,-1,0.9,-0.9
10204,4,,0,0,0
10205,1,"Um So when I opened my chemistry exam, I had just woken up from a nap and I honestly was expecting, um, not a lot better but a little bit better than what I did. Uh, I remember feeling a little bit upset but I guess more hopeful for the next one. Um, given that this is my second time taking chemistry. So I guess it wasn't as bad as I expected it to be because last semester I was very upset after every single exam, but I'm feeling more hopeful about it this year.",0.5,0.4,0.2
10205,2,"Um when I viewed my chemistry grade, I was walking back from class. Um I was walking back to my room and I remember I got the text message that it came out and I was very nervous because I thought I did pretty bad. I was thinking maybe like in the sixties because the exam was extremely hard. Um I opened my exam, I saw the average grade and I was very overwhelmed because it was extremely low. So I was very scared, but then I saw my grade and it was much better than expected. Well, not much better but better than expected. So I didn't feel terrible. I wasn't super excited, but I definitely felt better than I had before.",0.5,0.6,0.3
10205,3,"So when I viewed my chemistry grade, I was studying for a different exam, I was sitting in my lobby and lake side. And when I got the message, I started, like, I got lots of like anxiety and nervous feelings in my body. Like my heart rate was really elevated um cause I thought I failed. And like, I honestly, I can't afford to fail right now. So I was really nervous, but then I opened my exam and it wasn't the best grade, but at least I passed. So it was kind of a moment of relief to know that I haven't failed an exam up to this point. So it was, it felt nice or not. Um It felt ok, I guess.",0.5,0.7,0.35
10206,1,"I was alone in my bed and I saw the grade and I thought that I could have been a little bit better. Um, and I thought I was disappointed but I didn't think the grade was that bad, but I think I can do better.",0.5,0.4,0.2
10206,2,"When I saw my exam grade, I saw it while I was in the gym and thought that I was gonna get a higher grade. But it wasn't that and I did get around the test average, which I thought was good. So I was a little disappointed but I think I still did. Ok.",0.5,0.4,0.2
10207,2,"So when I saw the score, my chemistry exam, I think, I, I think I just went back to my dorm. This was after like a really busy day that I had, it was a bunch of biology and chemistry. So, you know, I was a little bit on edge when I was gonna see my score because I thought I, you know, would end up doing well, but the average was, you know, a little bit, uh, worrying. I didn't really do as well as I hope. I only pulled off like a 77. I was by myself at that point in time. Uh, and I, I was kind of kind of funny at first that, you know, wow, I didn't do as good as I hope, but, you know, eventually the reality kind of kicked into it, like, you know, I should have done better. I should have gone and practice more, study more, you know, and that is a pretty poor score overall and I could be doing much better than, you know, how I actually played. So I, you know, I felt a bit motivated to be like, ok, well, now I gotta figure out what I do, I gotta do this better and with like, results and like other classes too. I've, you know, started to actually introduce to my, uh, routine because yesterday was my birthday. So I didn't really do anything, uh, you know, like work related because, you know, it was a very special day. But I'm sorry to introduce, you know, it was just about an hour of practicing in my routine. I'm about to go to a chemistry workshop. So that'll be like a portion of the hour that I'll fill up. So, uh, yeah, I mean, I just found it to be a little bit frustrating. A little bit depressing. But, like, you know, for me it's just motivation that it's like, ok, I gotta go out there and I gotta do better next time. So, um, that's to hope on the next winter. So.",0.5,0.6,0.3
10207,3,"Yeah. So I was in my root when I got my chemistry score, I knew I knew I felt like I didn't do good at it, but I was also pretty shocked to figure out I filled it. And honestly, since then I've just been kind of reworking on all like the concepts in the previous unit where I went wrong not to do that again. And uh yeah, I mean, I've just been in preparation to do like to do as well as possible for this upcoming exam. So I'll feel the best.",-1,0.5,-0.5
10208,2,"I was in the bathroom and I checked the, I checked my grade and I realized I failed, but it was expected due to my unfortunate circumstance, but I was alone and yeah, I didn't get that upset because I expected to fail. But that's basically, I obviously was shocked because I thought I would get like a 50 at least. But it is what it is and that's how I felt.",-1,0.5,-0.5
10208,3,"When I saw my last chemistry grade, I was in my room home. Um, I was alone but I, I was expecting way lower than what I got because I did study for it. But when I got to the exam on the last question I just froze. So I thought that was gonna impact my grade a lot. So I saw the average and I saw it was 66. So I thought I was gonna have a 60 but I got a 70 it was good. I was happy. That's how it felt.",1,0.5,0.5
10208,4,"When I saw my last chemistry exam grade, I was leaving the mall. Well, I was at the mall with my friend and I got the message that I could check my score. And I was like, I can't, I can't do this right now. Like I'm gonna wait until I leave the mall just in case I failed. So then I get to my car and then I open the result and I was praying for an 80% but I got a 77.5. So I was kind of like kind of disappointed but kind of glad because I was right there and I improved from like all my past scores. So it was like bittersweet like I was happy. But then I was like, damn, like I was 2.5 points away, but I was overall happy with what I got and I was, I was fine with my grade. Like I'm, I'm fine. I accepted it just got to work harder for the next one and I got this.",0.5,0.6,0.3
10209,1,"I was in my chem lab and I looked at it and I was really mad because I thought I did a lot better than I did. And I was with my lab partner and the people across from us and I was pissed, like, actually so mad because I thought I did better and it was really sad and then I cried. But then after that I felt a lot better and realized that it's college and that I probably did better than I like than I should have, I guess because I studied but not enough. Probably. So I'm just gonna start studying for this one next week anyways. That's all. Bye.",0.5,0.7,0.35
10209,2,"I was in my dorm room and it was right after I got my text and I was with Ali and I was really nervous but he checked my grade and told me that I got an 80. So after that I was happy because the class average was lower. Um, yeah. So it was, it was kinda bittersweet because I thought I did worse. Huh? Um, and yeah, that was the moment I saw my chemistry grade and at first I was really happy but now I'm starting to think about it and I don't think there's any way that I can get an a in the class because I got two eighties on these tests. But I guess it's better than failing it. So there's that and yeah, now I'm great. I'm not looking forward to this next test because I've heard it's the worst test and this is the test that everyone fails and has to retake the class because of. So I'm really nervous about that. But that is all",0.5,0.7,0.35
10209,3,I was about to go on a run when I saw my grade and I was really mad but I knew it was bad but I didn't know it was that bad. So. Yeah.,-1,0.8,-0.8
10209,4,"Hate any of my professors. So I was walking back from my um workshop and oh, wait, no. Oh, wait, no, no, no, no. I was at European Wax Center actually when I saw my grade and I was, I opened it up and I was very upset because I thought I did a lot better than I did, but I calculated my score and they calculated it wrong. So I have a meeting with doctor connect when I get home or when I get back to go over my grade because I don't think that it was right. But initially I felt very sad and dejected and depressed because, well, not actually depressed but like, oh, what happened to the love? But then I felt a lot better after I realized that they calculated it wrong and yeah, now I'm great. Um That's all. Goodbye.",0.5,0.7,0.35
10210,1,"Um, I don't know, I was pretty nervous opening it. Uh, mostly because it just like first test anxiety. I was still pretty confident and I guess, like, I would get a, a 90 but I, I kind of hate how, like the format was, told me the average report told me my exam grades. So there was like a brief moment where I thought that I got what the actual average was and I was like, holy shit. I, um, didn't do very good but then I actually read the text and I did fine. Um, I don't know. It, there was like a bit of disappointment because I was kind of hoping that I did a little bit better and I certainly felt like I got better than the 90 but I was kind of trying to like, um, temper my expectations a little bit, not get my hopes up and be like, kind of realistic. And I guess so that worked out and I was pretty spot on, um, I guess when I got my grade because there were so many surveys I had to fill out before I knew that I was gonna drop it. Like 3 34 30 something like that. So I was just on my bed waiting for the text. Um I was by myself, but as soon as I got my grade, I either text or called my dad. I can't quite remember. I definitely called him at some point that day to talk about the test, but I don't know if it was right after getting my grade.",0.5,0.6,0.3
10210,2,"Felt pretty good and it just outside my, have a discussion I opened up because I wanted to see because I already knew the average, someone told me and, uh, yeah, saw it and went back in the middle class.",0,0,0
10210,3,"Uh, well, I had just left my math class and I, it was good. So I guess I just thought it's, it's good and I just didn't want to look at it before because I thought that it would do that. Well, and then I just didn't wanna like, have it bother me throughout the day. So I waited until I was done and I looked at it and I was just walking, I was by myself. I was walking between cog science and the library and then I, I saw it and I was like, oh, all right. That's what I got. And I was actually kind of like, I was like, oh, I got that. I was expecting something close to like, I don't know, 7075. Um, so I, I guess I was a little bit, got checked out, but I was like, resigned to my fate as I was looking at the score. But it, it was a decent surprise that I opened it and I got 80. I wasn't too bad about that.",0.5,0.4,0.2
10211,3,"The moment I viewed my, um, like I say, um, I honestly don't remember. I can't tell if I was, I was a little disappointed actually because I, I thought I aced it but I didn't, um, but it wasn't like, like it was the end of the world if that makes sense. Um, yeah, I don't know. I don't really remember it but if I did I'd, I'd definitely say more. I'm sorry? Well, no, I'm sorry because we seem to be, but I don't, I don't remember. I'm sorry. Let me stop apologizing to him.",0.5,0.4,0.2
10211,4,"Um at first I was disappointed and I cried and I mo but I also cried when I first walked out. So the, the tears with the count. Absolutely not. Um I thought defeated but motivated. So I got my shit together and I was like, OK, well, only one thing I can do is ace this, this final. So that's what I'm gonna do. Ace the final and practice now. So, yeah.",0.5,0.7,0.35
10212,3,"Um, I was driving my friend home and I told her to open it for me and she did and she was like, wait, what did you think you got? And I go 50 she goes, oh, well, good. You got a 65. So that was what happened.",0.5,0.4,0.2
10213,1,"I was in my friend's room, I was with my two friends and I was just chilling. Wasn't really doing much. Um, and we're just waiting for my test to come back.",0,0.2,0
10213,2,"I was very happy when I got my tests back. Uh, I felt, I studied a lot for it so it felt good to get a good grade.",1,0.8,0.8
10214,2,"Wasn't greatly happy with it, but life goes on.",-1,0.4,-0.4
10215,1,,0,0,0
10215,2,"When I found out my score, I was in my uh dining room table studying for a math and I got my score. I was relieved and I didn't fail the exam because I felt very, like, bad about it. I felt like I had been terrible and I was glad that I got a 75 but I wish I would have just gotten a better score and just in general.",0.5,0.6,0.3
10215,4,"Um, I was at work when I received my last chemistry exam and I was just a little upset because I hadn't passed.",-1,0.4,-0.4
10216,1,"When I reviewed my chemistry exam, I was in the car going home after class and I had a feeling that I didn't do so good because I had skipped this one question and that one question was worth a lot of points. So I was expecting maybe like in 80 but I got, I think a 69.1 which I wasn't about that. But I was also not super sad either because one of our quiz grades gets dropped and I just took it as motivation to study harder for the next exam coming up on Friday. So it'll be fine. Everything will be fine. It's not that big of a deal. I mean, obviously I not happy. I got a 69.1 but it's not the end of the world.",0.5,0.4,0.2
10216,2,I was ok because I'm gonna do good on the next one.,1,0.5,0.5
10217,2,"So again, when I saw my exam score, actually, I don't think I said this before, but I actually thought that my the class average was my score. So for around two hours, I thought I failed by 1%. So I was actually very relieved when I saw that I had passed, obviously, I wasn't like jumping up and down because it was still ac which I didn't want. But considering how I felt after I walked out of the exam, I was at a point where I honestly just wanted to pass, like I just didn't wanna fail. And even though I'm not exactly happy with the score, I'm not extremely disappointed with it, but I do hope that this will be my lowest score and that I can do better in the other exams so that I could end with an a fingers crossed. And yeah, that's how I feel.",0.5,0.6,0.3
10218,1,"Um, when I viewed my most recent chemistry exam, I was very shocked and very, very disappointed and, and, uh, I have been thinking about it all week long and, um, it's making me nervous for my next one on Friday.",-1,0.9,-0.9
10218,2,"My grade on the chem exam was very, very bad. It made me want to drop the class but I'm unable to do so because I won't have 12 credits. But I would much rather be retaking at a different time because I'm not a very bad or I'm on a very bad pace in which I will probably fail if I don't get A's on the next exams. So I'm starting to do more chemistry every day, even when there's not an exam that week and then going to the tutoring and the workshops.",-1,0.7,-0.7
10219,1,"Um, when I saw my exam score I was in my room, um, when it was, um, I checked it, like, right after I got the notification or maybe, no, maybe like a few hours after I got the notification that his I grades were out. Um, I was thinking like, um, sorry, oh, I was not feeling great when I saw it, you know, because it was really bad but it's ok. Um, but I don't really remember but it was like, two weeks ago I think. But, um, I feel, I feel a date. What was a, to me? I was just sitting there, like, kind of staring at it, like, oh, like, oh, my gosh. No way. I just did so bad, you know.",-1,0.7,-0.7
10219,2,"Ok, let me think so. I was at home when I opened it but I didn't open the, I didn't open the grade until maybe like a couple hours later because I was in class and I thought I was gonna see a failing grade. So I didn't wanna be anywhere but my bed, you know, so, but then I got home and opened it. Oh, and, oh, my goodness. I was so happy. Um, when, oh, I already said that. Um, what was I doing? Well, I wasn't doing anything. I was, I was just sitting, I, I don't, I don't really remember, I think I opened it like, pretty much once I got home. So, like I wasn't really doing anything, so I just got back from class. So I'm thinking slowly, um, oh, what was I thinking? I was feeling very happy. I didn't believe it. At first, at first I thought it was a mistake. I was like, there's no way because I was like, no, because I thought I got like a 60 maybe. No, that wasn't true. Did a lot better. I'm talking too much. Um, wait, yeah, I was just really happy and I like, didn't believe it at first. So, you know, it was, it was nice, it was nice moment.",1,0.8,0.8
10219,3,"Um, I looked at my chemistry exam score probably about maybe like an hour after they were released. So I was at home at my apartment in my bed specifically. Um, I wasn't with anyone. I was just by myself. Oh, actually I did film, I filmed myself opening it and then sent it to my friend. I don't know if that counts because I thought like it would be funny, you know, it was a little funny. Um, what was I doing while I was, I was filming myself? Um, what was I thinking? Um, you know, you know, well, going into it, I felt not bad but then when I looked at the score I felt bad, you know, like I didn't think I did that wrong but I, I did do that bad. It is possible to do that bad. Um, but yeah, I haven't really thought about it a lot since that because. Oh, well.",-1,0.6,-0.6
10219,4,"Um, when I saw my grade I was in my apartment, I think. Yeah, I was sitting in my bed, um, when was it? Um, it was probably like a few hours after the grades were released. I don't remember, um, who I wasn't with anyone. I did film myself looking at it and then I sent it to my friend. It makes me feel better. Um, what was I doing? Oh, I was filming myself. Yeah. Um, what was I thinking or? Ok. Um, you know, I was fine with that. I didn't think I did good. I thought I did a lot worse than I did. So, you know, that's, oh, that's a win. Um, and then I kind of just forgot about it afterwards. Just gonna be honest because I'm like, what, whatever, you know. Oh, well, so that's all.",0.5,0.4,0.2
10220,1,"I was um, in the gym, I had chemistry earlier that day and I had known that I was going to get my chemistry exam grade earlier because my professor told me that, um, and then I wasn't with anybody. Uh, but I was working out and in between my workout, I uh I got the text and I got pretty excited. I wasn't too worried because I was pretty confident in my support. Um, but I definitely was filled with anxiety in that very moment. Uh And I was stressed but I, I knew that I had gotten something, uh I knew I had gotten a score better than average.",0.5,0.7,0.35
10220,2,I was sitting in class when I viewed my most recent chemistry grade and I was with nobody. I was sitting by myself. Um I was paying attention to the lecture and then I uh uh my chemistry grade and I was disappointed because I had calculated my grade beforehand and expected it to be higher than that. And I was also disappointed because it was substantially lower than my last grade.,-1,0.7,-0.7
10220,3,"Uh, when I viewed my recent chemistry exam grade, I was, uh on the train and I was very upset at how poorly I did and I think it was my fault because I did not study enough.",-1,0.8,-0.8
10221,1,"Hello. My name is Jordan Cooper. I'm just walking back from class right now. Um, on a recent chemistry exam. Um, I was in my room at the time and it was at about, like, nine o'clock when I opened it and I got a grade that, uh, that I expected in Haiti. I didn't really study that much for it and now I know that. Ok. Yeah, I study a lot more to get, uh, to get an A in this course. So I'm happy with the score because I thought from the last question that I messed up like, big time, but I was, like, given a lot of partial CRE like, partial credit basically made. Got the whole question. Right. So I can't really complain about that. Um, in that moment I was feeling like, like, satisfied, I guess. And I was happy for great. I got, I was with my roommate at the time.",1,0.6,0.6
10221,2,"Um, oh, this is getting over. I'm just finished taking a nap. Um, most recent chemistry exam. I was, um, at my desk in my, from the room and it was about 8 p.m. Oh. Um, I was thinking, I was thinking I was gonna do really bad. I was really worried and, like, really nervous or what I get. And then once I saw, I saw the average and I was even more scared and worried for, I would see, um, I was looking at my roommate thinking, like, oh, my goodness, I failed this exam because I didn't think I did. I think I, I thought I got really bad and I was really scared and then I, when I opened it I was so happy but I feel a bizarre student better for my first exam. So I'm really happy with that and I was just really overjoyed after that instance. Yeah.",0.5,0.8,0.4
10221,3,"Um, I think I got my grade a few days afterwards but I think I got my grade last week I was in my room and once I got it, no, it was, I got it before my chem quiz for my chem quiz. And I was pretty by myself looking at the grade and I was initially sad at first to this point of what I had, but I couldn't think about that that much longer because I have my exam to take. So it's fine.",0.5,0.4,0.2
10222,3,,0,0,0
10223,1,"Ok. Um, the moment I saw my most recent grade, I was very relieved because I thought I feel it and I was actually on the phone with my mom. She's like, just open it. So I went and I got the 87 which I was actually happy about because I thought I really got a 50. So I felt a lot of relief and I was by myself and I was just sitting on my dorm bed and it was very tiring and it just all worked out.",1,0.8,0.8
10223,2,"So I was alone in my dorm. Um, and then I got the text and I just got back from class and I was alone and I was definitely at a state of shock when I first opened it because I was doing my homework because I've never done that or the test before. Um, and when it took me out, I really had to cough. So, yeah, I ran to co sign to go to the workshop because I was plenty of going. But I ran for the one an hour before because I was just so upset and then I called my mom after like hysterical crying. Um, but honestly, it's just a wake up call that my setting wasn't enough and I college is much harder than.",-1,0.9,-0.9
10223,3,"And I was very upset because I felt really hard and obviously they didn't reflect that. It's just a learning experience that I need to work harder and go to office hours. Let's see, I was, I in my dorm and then I called my mom right away because I was feeling very upset, annoyed.",-1,0.9,-0.9
10223,4,"Um So I was in my dorm room and I was like, honestly freaking out because I was just really nervous about my grade because I knew I'd like, studied so much and I was just scared to see if I didn't like, perform as well. Um So yeah, it was my dorm. It was Wednesday right before my chem, like extra credit workshop thing. Um I was alone. I honestly was just like sitting in my bed just waiting for the grade to drop. I had just gotten back from class. Um I was just feeling really nervous and honestly, like it took me like three minutes to open eye. I was just freaking out. And then when I said, like, like when it said, like it popped up, I really couldn't open my eyes. I was like closing up. I opened it and I was like, ok, I was satisfied and then I called my mom. Oh yeah, that was it.",0.5,0.7,0.35
10224,2,"Um, when I checked my most recent chemistry exam, I was underneath the walkway um, next to Richter library and I was sitting in one of those little tables on the sides and I was alone. Um, it was after my calculus class, it was like anywhere from 5 to 6 p.m. and I was just on my ipad and I, I was trying to figure out how to check my grade because it was not working. Um I was thinking, I really hope that I got a good grade and I was definitely feeling a little anxious but overall good. Ok. Thank you.",0.5,0.4,0.2
10224,3,"Good morning. Um, I'm on my way to class when I viewed my role, my most recent chemistry exam grade. I was sitting in my calculus class, um, about to start, aren't you? I was with my classmates and I was thinking that I was gonna get a better grade, but I ended up getting on 80.4 which I was honestly very surprised to.",0.5,0.4,0.2
10224,4,"When I viewed my most recent chemistry exam grade, I was walking down the stairs of the Cox Science Building with one of my friends I'm on, we had just finished taking our calculus exam. This was Wednesday. This was at around 5 p.m. Um I was expecting to have like a pretty low score which I did end up having I felt fine though. I expected that. So I wasn't surprised I did think I was gonna get a little bit of a higher score though. So that was, that was pretty funny. But yeah, thank you.",0,0.3,0
,1,"Ok. So when I did my most recent chemistry exam grade that 83 that I was talking about in the other recordings, um, I was alone. Uh I had just finished. Um, so in practice I think, and I don't know, it's been so long since I've done it. I don't really remember. You guys should probably ask for that recording right after. But I don't know. Um I know that I was alone. I know that my immediate reaction was like, oh, shoot, how do I fix my grade um for the total because an 83 wasn't as high as I wanted. I definitely wanted like a, a 90 or above. And I remember like, convincing myself that that would be the lowest grade that I would get on a chemistry exam and that I would be able to have that one be discounted for my final grade. So, yeah, that's about it. That's how I felt. I remember just like panicking minimally but not that much. It was, it was pretty ok.",-1,0.4,-0.4
,3,"Uh I knew I did bad with my most recent chem exam and I'm trying not to think too much about it. Um, the grade I got was pretty expected and I'm just trying to do my best on the next exam.",-1,0.4,-0.4
,4,"When I saw my most recent chemistry grade, I felt really good about myself because when I left the exam, I thought I got a 100 then I did and the average was also a 71 I believe. So I felt really good about myself.",1,0.9,0.9